ticker,company_公司名,sector_板块,val_估值得分(PEG/EV/ERG/PE/FCFYld),grw_成长得分(营收/EPS/FCF/指引增速),qlt_质量得分(毛利率/FCF率/ROIC/负债),ai_AI暴露得分(AI营收/平台/订单占比),exp_预期差得分(超预期营收EPS指引),mom_动量得分(RSI14/价格vs200日均),"risk_风险扣分(max20,Beta/回撤/负债)",final_综合得分(0-100),rating_评级,circuit_熔断(Beta>2.2且回撤>35%或DE>1.8),raw_peg_市盈增长比(越低越便宜),raw_ev_sales_EV营收比,raw_forward_pe_远期市盈率,raw_fcf_yield_FCF收益率(越高越好),raw_rev_growth_营收同比增速,raw_eps_growth_EPS同比增速,raw_fwd_rev_guide_NTM营收指引增速,raw_gross_margin_毛利率,raw_fcf_margin_FCF利润率,raw_roic_投入资本回报率,raw_de_ratio_债务权益比(含可转债),raw_nrr_净收入留存率(SaaS/Cyber),raw_rsi14_RSI14(45-65最佳),raw_vs200ma_价格偏离200日均(%),raw_beta_贝塔系数,raw_max_dd_1y_1年最大回撤,live_fields_实时字段数,bad_fields_剔除字段,validation_status,validation_confidence,source_conflict,formula_mismatch,formula_diff_level,formula_diff_abs,formula_diff_reason,base_score_recalculated,dynamic_adjustment_recalculated,final_score_recalculated,sector_confidence,sector_suggested,raw_data_conflict,momentum_recalculated,human_review_required,validation_notes,source_urls_yf,source_urls_fmp,source_urls_sec,source_urls_10k,last_refreshed,raw_current_price_yf,raw_shares_out_yf,raw_fwd_eps_yf,raw_ev_snap_yf,raw_price_at_ev_snap_yf,raw_net_debt_yf,raw_rev_ttm_yf,raw_fcf_ttm_yf,raw_ebitda_ttm_yf,raw_capex_yf,raw_depr_yf,raw_rd_yf,raw_op_inc_yf,aiprofile_AI角色,aiprofilekey_AI角色代码,aiexposure_AI暴露基础,aibonus_AI加速器,aibasis_AI分类依据,weighted_基础加权,airaw_原始AI信号
NVDA,NVIDIA Corporation,Hardware,75.96,95.7,88.76,95.37,54.63,85.86,12.66,72.89,✅ 综合良好,,0.63 [yf],20 [yf],23.42 [yf],0.9% [yf],85.2% [yf],214.5% [yf],35.0% [mk],74.1% [yf],18.3% [yf],114.3% [yf],0.4 [mk],n/a [--],50.3 [yf],10.2% [yf],2.211 [yf],-20.2% [yf],18.0,,PASS,1.0,False,False,minor_diff,0.13,rounding_difference,77.09,0.0,77.09,1.0,Hardware,False,78.5,False,,https://finance.yahoo.com/quote/NVDA,https://financialmodelingprep.com/financial-summary/NVDA,https://www.sec.gov/cgi-bin/browse-edgar?action=getcompany&CIK=0001045810&type=10-K,https://www.sec.gov/Archives/edgar/data/1045810/000104581026000021/0001045810-26-000021-index.htm,2026-07-11 22:38,211 [yf],2.422e+10 [yf],12.79 [yf],5.065e+12 [yf],211 [yf],-4.036e+10 [yf],2.535e+11 [yf],4.634e+10 [yf],1.655e+11 [yf],-6.042e+09 [yf],2.843e+09 [yf],1.85e+10 [yf],1.304e+11 [yf],AI核心型,AI_CORE,0.9,0.0,AI收入/利润暴露均值,85.55,95.37
META,Meta Platforms,Hardware,88.28,70.68,82.78,50.0,63.03,67.72,5.66,70.16,✅ 综合良好,,0.295 [yf],6.86 [yf],18.42 [yf],1.7% [yf],33.1% [yf],62.4% [yf],14.0% [mk],81.9% [yf],11.9% [yf],32.9% [yf],0.02 [mk],n/a [--],68.7 [yf],4.3% [yf],1.246 [yf],-33.3% [yf],18.0,,PASS,1.0,False,False,review_low,1.22,live_data_drift,43.51,0.0,43.51,0.0,Unknown,False,43.1,False,"[DIM-DELTA] valuation: CSV=82.20 vs recalc=80.18 (Δ=+2.02) | [LIVE-DRIFT-OK] final diff=1.22 within live-data tolerance, not a formula error",https://finance.yahoo.com/quote/META,https://financialmodelingprep.com/financial-summary/META,https://www.sec.gov/cgi-bin/browse-edgar?action=getcompany&CIK=0001326801&type=10-K,https://www.sec.gov/Archives/edgar/data/1326801/000162828026003942/0001628280-26-003942-index.htm,2026-07-11 22:38,669.2 [yf],2.196e+09 [yf],36.33 [yf],1.704e+12 [yf],669.2 [yf],5.589e+09 [yf],2.15e+11 [yf],2.556e+10 [yf],1.093e+11 [yf],-6.969e+10 [yf],1.862e+10 [yf],5.737e+10 [yf],8.328e+10 [yf],AI赋能型,AI_ENABLED,0.4,5.0,AI收入/利润暴露均值,70.82,25.49
FTNT,Fortinet Inc.,Cybersecurity,83.4,68.97,86.84,50.0,43.56,99.0,5.23,69.34,✅ 综合良好,,1.608 [yf],15.85 [yf],45.98 [yf],1.6% [yf],20.1% [yf],28.6% [yf],13.0% [mk],80.3% [yf],25.5% [yf],132.4% [yf],0.2 [mk],1.1 [mk],62.5 [yf],65.6% [yf],1.09 [yf],-30.4% [yf],18.0,,PASS,1.0,False,False,review_medium,2.25,live_data_drift,47.92,0.0,47.92,1.0,Hardware,False,84.0,False,"[DIM-DELTA] ai_exposure: CSV=33.60 vs recalc=37.65 (Δ=-4.05) | [LIVE-DRIFT-OK] final diff=2.25 within live-data tolerance, not a formula error",https://finance.yahoo.com/quote/FTNT,https://financialmodelingprep.com/financial-summary/FTNT,https://www.sec.gov/cgi-bin/browse-edgar?action=getcompany&CIK=0001262039&type=10-K,https://www.sec.gov/Archives/edgar/data/1262039/000126203926000007/0001262039-26-000007-index.htm,2026-07-11 22:38,157.5 [yf],7.326e+08 [yf],3.426 [yf],1.127e+11 [yf],157.5 [yf],-2.728e+09 [yf],7.109e+09 [yf],1.813e+09 [yf],2.361e+09 [yf],-3.648e+08 [yf],1.52e+08 [yf],8.155e+08 [yf],2.085e+09 [yf],AI赋能型,AI_ENABLED,0.235,3.37,AI收入/利润暴露均值,71.2,37.65
GTLB,GitLab,SaaS,96.92,85.21,75.52,50.0,59.25,52.81,9.39,68.58,✅ 综合良好,,0.394 [yf],4.06 [yf],31.5 [yf],5.8% [yf],23.1% [yf],80.0% [yf],24.0% [mk],86.8% [yf],31.1% [yf],-3.0% [yf],0.0 [mk],1.24 [mk],71 [yf],-2.3% [yf],0.958 [yf],-62.0% [yf],15.0,ev_ebitda(raw=-77.53),PASS,1.0,False,False,review_medium,2.59,live_data_drift,58.53,0.0,58.53,1.0,SaaS,False,55.1,False,"[DIM-DELTA] ai_exposure: CSV=48.50 vs recalc=46.53 (Δ=+1.97) | [LIVE-DRIFT-OK] final diff=2.59 within live-data tolerance, not a formula error",https://finance.yahoo.com/quote/GTLB,https://financialmodelingprep.com/financial-summary/GTLB,https://www.sec.gov/cgi-bin/browse-edgar?action=getcompany&CIK=0001653482&type=10-K,https://www.sec.gov/Archives/edgar/data/1653482/000162828026018731/0001628280-26-018731-index.htm,2026-07-11 22:38,32.42 [yf],1.678e+08 [yf],1.029 [yf],4.164e+09 [yf],32.42 [yf],-1.358e+09 [yf],1.005e+09 [yf],3.129e+08 [yf],-4.52e+07 [yf],-1.083e+07 [yf],1.134e+07 [yf],2.746e+08 [yf],-7.048e+07 [yf],AI赋能型,AI_ENABLED,0.29,4.75,AI收入/利润暴露均值,73.22,58.53
GOOGL,Alphabet,Hardware,84.92,64.08,70.48,50.0,54.94,84.38,4.34,68.17,✅ 综合良好,,0.299 [yf],4.89 [yf],24.51 [yf],1.3% [yf],21.8% [yf],82.0% [yf],12.0% [mk],60.4% [yf],6.6% [yf],38.9% [yf],0.05 [mk],n/a [--],42.5 [yf],12.1% [yf],1.247 [yf],-20.4% [yf],18.0,,PASS,1.0,False,False,minor_diff,0.43,live_data_drift,39.85,0.0,39.85,0.0,Unknown,False,81.1,False,[DIM-DELTA] valuation: CSV=60.30 vs recalc=64.07 (Δ=-3.77),https://finance.yahoo.com/quote/GOOGL,https://financialmodelingprep.com/financial-summary/GOOGL,https://www.sec.gov/cgi-bin/browse-edgar?action=getcompany&CIK=0001652044&type=10-K,https://www.sec.gov/Archives/edgar/data/1652044/000165204426000018/0001652044-26-000018-index.htm,2026-07-11 22:38,357.2 [yf],5.867e+09 [yf],14.57 [yf],4.297e+12 [yf],357.2 [yf],-3.096e+10 [yf],4.225e+11 [yf],2.792e+10 [yf],1.613e+11 [yf],-9.145e+10 [yf],2.114e+10 [yf],6.109e+10 [yf],1.29e+11 [yf],AI赋能型,AI_ENABLED,0.335,5.0,AI收入/利润暴露均值,67.51,24.9
ZS,Zscaler,Cybersecurity,97.8,88.8,63.25,50.0,59.25,39.52,9.0,67.12,✅ 综合良好,,0.551 [yf],6.57 [yf],30.29 [yf],4.9% [yf],25.4% [yf],55.0% [yf],22.0% [mk],76.7% [yf],34.9% [yf],-3.7% [yf],0.6 [mk],1.18 [mk],63.8 [yf],-30.9% [yf],0.958 [yf],-64.9% [yf],16.0,ev_ebitda(raw=-304.3),PASS,1.0,False,False,review_medium,2.7,live_data_drift,59.92,0.0,59.92,1.0,SaaS,False,34.0,False,"[DIM-DELTA] ai_exposure: CSV=67.70 vs recalc=65.93 (Δ=+1.77) | [LIVE-DRIFT-OK] final diff=2.70 within live-data tolerance, not a formula error",https://finance.yahoo.com/quote/ZS,https://financialmodelingprep.com/financial-summary/ZS,https://www.sec.gov/cgi-bin/browse-edgar?action=getcompany&CIK=0001713683&type=10-K,https://www.sec.gov/Archives/edgar/data/1713683/000171368325000158/0001713683-25-000158-index.htm,2026-07-11 22:38,139.3 [yf],1.617e+08 [yf],4.597 [yf],2.085e+10 [yf],139.3 [yf],-1.671e+09 [yf],3.174e+09 [yf],1.109e+09 [yf],-6.08e+07 [yf],-2.458e+08 [yf],1.212e+08 [yf],6.725e+08 [yf],-1.271e+08 [yf],AI赋能型,AI_ENABLED,0.55,5.0,AI平台/产业链代理值,71.12,65.93
PTC,PTC Inc,Hardware,100.0,75.42,88.56,50.0,47.35,24.32,6.59,66.84,✅ 综合良好,,0.054 [yf],5.12 [yf],14.45 [yf],6.8% [yf],21.7% [yf],268.9% [yf],13.0% [mk],84.7% [yf],32.9% [yf],34.4% [yf],0.55 [mk],1.1 [mk],69.8 [yf],-22.0% [yf],0.994 [yf],-48.1% [yf],18.0,,PASS,1.0,True,False,review_medium,2.69,live_data_drift,46.5,0.0,46.5,1.0,SaaS,False,32.0,True,"Sector conflict: CSV=Hardware | Suggested=SaaS (conf=100%) | FMP=/ | Finnhub= | SIC=7372 | [DIM-DELTA] valuation: CSV=89.00 vs recalc=95.65 (Δ=-6.65) | [DIM-DELTA] growth: CSV=55.40 vs recalc=65.70 (Δ=-10.30) | [DIM-DELTA] quality: CSV=95.10 vs recalc=88.55 (Δ=+6.55) | [DIM-DELTA] ai_exposure: CSV=18.80 vs recalc=26.00 (Δ=-7.20) | [LIVE-DRIFT-OK] final diff=2.69 within live-data tolerance, not a formula error",https://finance.yahoo.com/quote/PTC,https://financialmodelingprep.com/financial-summary/PTC,https://www.sec.gov/cgi-bin/browse-edgar?action=getcompany&CIK=0000857005&type=10-K,https://www.sec.gov/Archives/edgar/data/857005/000119312525291326/0001193125-25-291326-index.htm,2026-07-11 22:38,124.7 [yf],1.155e+08 [yf],8.63 [yf],1.535e+10 [yf],124.7 [yf],9.419e+08 [yf],2.998e+09 [yf],9.86e+08 [yf],1.319e+09 [yf],-1.101e+07 [yf],1.354e+08 [yf],4.577e+08 [yf],9.98e+08 [yf],AI赋能型,AI_ENABLED,0.265,4.12,AI收入/利润暴露均值,69.31,26.0
ADSK,Autodesk,Hardware,99.93,73.96,88.12,50.0,47.35,39.96,7.37,66.31,✅ 综合良好,,0.063 [yf],5.84 [yf],14.61 [yf],7.0% [yf],18.4% [yf],231.4% [yf],12.0% [mk],92.4% [yf],40.8% [yf],50.4% [yf],0.8 [mk],1.1 [mk],64.9 [yf],-20.2% [yf],1.318 [yf],-42.6% [yf],18.0,,PASS,1.0,True,False,review_medium,3.94,live_data_drift,46.24,0.0,46.24,1.0,SaaS,False,26.8,True,"Sector conflict: CSV=Hardware | Suggested=SaaS (conf=100%) | FMP=/ | Finnhub= | SIC=7372 | [DIM-DELTA] valuation: CSV=85.60 vs recalc=95.01 (Δ=-9.41) | [DIM-DELTA] growth: CSV=54.20 vs recalc=63.67 (Δ=-9.47) | [DIM-DELTA] quality: CSV=93.60 vs recalc=88.12 (Δ=+5.48) | [DIM-DELTA] ai_exposure: CSV=15.00 vs recalc=23.50 (Δ=-8.50) | [LIVE-DRIFT-OK] final diff=3.94 within live-data tolerance, not a formula error",https://finance.yahoo.com/quote/ADSK,https://financialmodelingprep.com/financial-summary/ADSK,https://www.sec.gov/cgi-bin/browse-edgar?action=getcompany&CIK=0000769397&type=10-K,https://www.sec.gov/Archives/edgar/data/769397/000076939726000015/0000769397-26-000015-index.htm,2026-07-11 22:38,208.4 [yf],2.111e+08 [yf],14.26 [yf],4.378e+10 [yf],208.4 [yf],-2e+08 [yf],7.507e+09 [yf],3.061e+09 [yf],2.139e+09 [yf],-7.6e+07 [yf],1.95e+08 [yf],1.643e+09 [yf],1.794e+09 [yf],AI赋能型,AI_ENABLED,0.23,3.25,AI收入/利润暴露均值,70.42,23.5
PLTR,Palantir Technologies,SaaS,54.75,100.0,94.63,85.2,90.67,34.87,13.89,65.85,✅ 综合良好,,1.87 [yf],54.23 [yf],60.54 [yf],0.6% [yf],56.2% [yf],125.0% [yf],30.0% [mk],84.1% [yf],33.6% [yf],32.6% [yf],0.05 [mk],1.18 [mk],48.5 [yf],-19.1% [yf],1.562 [yf],-48.2% [yf],18.0,,PASS,1.0,False,False,review_medium,2.03,live_data_drift,69.48,0.0,69.48,1.0,SaaS,False,47.4,False,"[DIM-DELTA] ai_exposure: CSV=79.20 vs recalc=85.20 (Δ=-6.00) | [LIVE-DRIFT-OK] final diff=2.03 within live-data tolerance, not a formula error",https://finance.yahoo.com/quote/PLTR,https://financialmodelingprep.com/financial-summary/PLTR,https://www.sec.gov/cgi-bin/browse-edgar?action=getcompany&CIK=0001321655&type=10-K,https://www.sec.gov/Archives/edgar/data/1321655/000132165526000011/0001321655-26-000011-index.htm,2026-07-11 22:38,126.8 [yf],2.296e+09 [yf],2.094 [yf],2.962e+11 [yf],126.8 [yf],-7.814e+09 [yf],5.224e+09 [yf],1.753e+09 [yf],2.018e+09 [yf],-3.388e+07 [yf],2.614e+07 [yf],5.577e+08 [yf],1.414e+09 [yf],AI核心型,AI_CORE,0.71,0.0,AI收入/利润暴露均值,79.74,85.2
ADI,Analog Devices,Hardware,76.77,73.32,72.72,50.0,47.35,84.32,4.1,65.28,✅ 综合良好,,0.242 [yf],15.54 [yf],26.77 [yf],2.0% [yf],37.2% [yf],110.5% [yf],10.0% [mk],64.5% [yf],30.4% [yf],9.6% [yf],0.4 [mk],n/a [--],37.8 [yf],23.8% [yf],1.188 [yf],-15.7% [yf],18.0,,PASS,0.9,False,False,review_low,0.77,live_data_drift,37.01,0.0,37.01,1.0,Hardware,True,93.8,True,"[CROSS-SRC] gross_margin: CSV=0.645 vs SEC=1.09 (diff=0.447) | [DIM-DELTA] valuation: CSV=55.20 vs recalc=59.51 (Δ=-4.31) | [LIVE-DRIFT-OK] final diff=0.77 within live-data tolerance, not a formula error",https://finance.yahoo.com/quote/ADI,https://financialmodelingprep.com/financial-summary/ADI,https://www.sec.gov/cgi-bin/browse-edgar?action=getcompany&CIK=0000006281&type=10-K,https://www.sec.gov/Archives/edgar/data/6281/000000628125000153/0000006281-25-000153-index.htm,2026-07-11 22:38,395.6 [yf],4.871e+08 [yf],14.78 [yf],1.98e+11 [yf],395.6 [yf],5.269e+09 [yf],1.274e+10 [yf],3.869e+09 [yf],6.149e+09 [yf],-5.336e+08 [yf],1.999e+09 [yf],1.766e+09 [yf],3.002e+09 [yf],AI赋能型,AI_ENABLED,0.165,1.62,AI收入/利润暴露均值,67.76,4.47
OKTA,Okta,Cybersecurity,86.03,61.95,66.88,50.0,54.94,81.76,6.55,64.85,👀 综合中性,,1.528 [yf],7.03 [yf],32.4 [yf],4.2% [yf],11.2% [yf],21.2% [yf],14.0% [mk],77.4% [yf],32.6% [yf],3.7% [yf],0.55 [mk],1.13 [mk],71.4 [yf],53.7% [yf],0.773 [yf],-37.8% [yf],18.0,,PASS,1.0,False,False,review_low,0.92,live_data_drift,53.31,0.0,53.31,1.0,SaaS,False,98.2,False,"[DIM-DELTA] valuation: CSV=88.60 vs recalc=96.76 (Δ=-8.16) | [LIVE-DRIFT-OK] final diff=0.92 within live-data tolerance, not a formula error",https://finance.yahoo.com/quote/OKTA,https://financialmodelingprep.com/financial-summary/OKTA,https://www.sec.gov/cgi-bin/browse-edgar?action=getcompany&CIK=0001660134&type=10-K,https://www.sec.gov/Archives/edgar/data/1660134/000166013426000020/0001660134-26-000020-index.htm,2026-07-11 22:38,138.6 [yf],1.677e+08 [yf],4.279 [yf],2.192e+10 [yf],138.6 [yf],-2.178e+09 [yf],2.996e+09 [yf],9.778e+08 [yf],2.67e+08 [yf],-2.1e+07 [yf],9.6e+07 [yf],6.39e+08 [yf],1.53e+08 [yf],AI赋能型,AI_ENABLED,0.38,5.0,AI平台/产业链代理值,66.4,42.13
CRM,Salesforce,SaaS,100.0,67.06,77.3,50.0,48.85,39.8,6.66,64.69,👀 综合中性,,0.202 [yf],3.84 [yf],10.53 [yf],12.4% [yf],13.3% [yf],52.2% [yf],9.0% [mk],77.6% [yf],38.6% [yf],16.9% [yf],0.15 [mk],1.11 [mk],64.5 [yf],-22.0% [yf],1.178 [yf],-44.0% [yf],18.0,,PASS,0.9,False,False,review_medium,2.68,live_data_drift,45.37,0.0,45.37,1.0,SaaS,True,38.2,True,"[CROSS-SRC] gross_margin: CSV=0.776 vs SEC=0.0384 (diff=0.738) | [DIM-DELTA] ai_exposure: CSV=34.70 vs recalc=32.33 (Δ=+2.37) | [LIVE-DRIFT-OK] final diff=2.68 within live-data tolerance, not a formula error",https://finance.yahoo.com/quote/CRM,https://financialmodelingprep.com/financial-summary/CRM,https://www.sec.gov/cgi-bin/browse-edgar?action=getcompany&CIK=0001108524&type=10-K,https://www.sec.gov/Archives/edgar/data/1108524/000110852426000060/0001108524-26-000060-index.htm,2026-07-11 22:38,163.3 [yf],8.19e+08 [yf],15.51 [yf],1.645e+11 [yf],163.3 [yf],3.071e+10 [yf],4.283e+10 [yf],1.655e+10 [yf],1.289e+10 [yf],-5.94e+08 [yf],3.631e+09 [yf],5.993e+09 [yf],8.917e+09 [yf],AI赋能型,AI_ENABLED,0.265,4.12,AI收入/利润暴露均值,67.22,42.73
ESTC,Elastic N.V.,SaaS,100.0,79.0,78.45,50.87,54.94,54.47,8.15,64.48,👀 综合中性,,0.259 [yf],3.18 [yf],15.53 [yf],7.3% [yf],16.0% [yf],60.0% [yf],16.0% [mk],76.2% [yf],26.6% [yf],33.4% [yf],0.3 [mk],1.12 [mk],53.7 [yf],-8.9% [yf],1 [yf],-54.2% [yf],16.0,ev_ebitda(raw=-193.1),PASS,1.0,False,False,review_low,1.72,live_data_drift,55.61,0.0,55.61,1.0,SaaS,False,63.0,False,"[DIM-DELTA] ai_exposure: CSV=43.90 vs recalc=44.87 (Δ=-0.97) | [LIVE-DRIFT-OK] final diff=1.72 within live-data tolerance, not a formula error",https://finance.yahoo.com/quote/ESTC,https://financialmodelingprep.com/financial-summary/ESTC,https://www.sec.gov/cgi-bin/browse-edgar?action=getcompany&CIK=0001707753&type=10-K,https://www.sec.gov/Archives/edgar/data/1707753/000170775326000018/0001707753-26-000018-index.htm,2026-07-11 22:38,60.24 [yf],1.048e+08 [yf],3.88 [yf],5.483e+09 [yf],60.24 [yf],-7.787e+08 [yf],1.739e+09 [yf],4.617e+08 [yf],-2.868e+07 [yf],-5.092e+06 [yf],1.183e+07 [yf],4.519e+08 [yf],-3.348e+07 [yf],AI核心型,AI_CORE,0.39,0.0,AI收入/利润暴露均值,72.63,50.87
TEAM,Atlassian,SaaS,91.2,85.19,61.61,50.0,55.44,37.24,8.8,64.0,👀 综合中性,,0.318 [yf],2.31 [yf],14.3 [yf],11.1% [yf],31.7% [yf],45.0% [yf],20.0% [mk],84.8% [yf],25.5% [yf],-19.3% [yf],0.8 [mk],1.14 [mk],58.1 [yf],-21.8% [yf],1.111 [yf],-71.9% [yf],17.0,,PASS,1.0,False,False,minor_diff,0.31,live_data_drift,53.46,0.0,53.46,1.0,SaaS,False,44.4,False,[DIM-DELTA] valuation: CSV=83.50 vs recalc=96.08 (Δ=-12.58) | [DIM-DELTA] ai_exposure: CSV=36.40 vs recalc=38.07 (Δ=-1.67),https://finance.yahoo.com/quote/TEAM,https://financialmodelingprep.com/financial-summary/TEAM,https://www.sec.gov/cgi-bin/browse-edgar?action=getcompany&CIK=0001650372&type=10-K,https://www.sec.gov/Archives/edgar/data/1650372/000165037225000036/0001650372-25-000036-index.htm,2026-07-11 22:38,88.86 [yf],1.596e+08 [yf],6.214 [yf],2.266e+10 [yf],88.86 [yf],1.067e+08 [yf],6.19e+09 [yf],1.579e+09 [yf],1.751e+08 [yf],-4.485e+07 [yf],9.238e+07 [yf],2.669e+09 [yf],-1.304e+08 [yf],AI赋能型,AI_ENABLED,0.29,4.75,AI收入/利润暴露均值,68.05,46.07
AMZN,Amazon,Hardware,80.83,71.38,43.69,50.0,61.44,77.47,5.64,63.82,👀 综合中性,,0.332 [yf],3.68 [yf],24.81 [yf],0.4% [yf],16.6% [yf],74.8% [yf],12.0% [mk],50.6% [yf],1.3% [yf],24.3% [yf],0.4 [mk],n/a [--],50.9 [yf],5.1% [yf],1.461 [yf],-21.7% [yf],18.0,,PASS,1.0,False,False,minor_diff,0.42,live_data_drift,37.1,0.0,37.1,0.0,Unknown,False,62.9,False,[DIM-DELTA] valuation: CSV=67.60 vs recalc=65.44 (Δ=+2.16),https://finance.yahoo.com/quote/AMZN,https://financialmodelingprep.com/financial-summary/AMZN,https://www.sec.gov/cgi-bin/browse-edgar?action=getcompany&CIK=0001018724&type=10-K,https://www.sec.gov/Archives/edgar/data/1018724/000101872426000004/0001018724-26-000004-index.htm,2026-07-11 22:38,245.3 [yf],1.076e+10 [yf],9.89 [yf],2.732e+12 [yf],245.3 [yf],9.245e+10 [yf],7.428e+11 [yf],9.807e+09 [yf],1.559e+11 [yf],-1.318e+11 [yf],6.576e+10 [yf],n/a [--],7.998e+10 [yf],AI赋能型,AI_ENABLED,0.35,5.0,AI收入/利润暴露均值,64.46,22.31
PATH,UiPath,SaaS,98.15,77.01,84.4,56.2,47.06,40.74,7.93,63.63,👀 综合中性,,0.258 [yf],2.43 [yf],12.88 [yf],9.7% [yf],17.3% [yf],50.0% [yf],14.0% [mk],83.0% [yf],30.6% [yf],18.2% [yf],0.0 [mk],1.16 [mk],70.4 [yf],-9.9% [yf],0.974 [yf],-51.4% [yf],17.0,,PASS,1.0,False,False,review_medium,2.03,live_data_drift,56.03,0.0,56.03,1.0,SaaS,False,51.9,False,"[DIM-DELTA] valuation: CSV=97.50 vs recalc=99.60 (Δ=-2.10) | [DIM-DELTA] ai_exposure: CSV=53.50 vs recalc=49.80 (Δ=+3.70) | [LIVE-DRIFT-OK] final diff=2.03 within live-data tolerance, not a formula error",https://finance.yahoo.com/quote/PATH,https://financialmodelingprep.com/financial-summary/PATH,https://www.sec.gov/cgi-bin/browse-edgar?action=getcompany&CIK=0001734722&type=10-K,https://www.sec.gov/Archives/edgar/data/1734722/000173472226000012/0001734722-26-000012-index.htm,2026-07-11 22:38,11.68 [yf],4.534e+08 [yf],0.907 [yf],4.827e+09 [yf],11.68 [yf],-1.224e+09 [yf],1.672e+09 [yf],5.116e+08 [yf],1.236e+08 [yf],-1.905e+07 [yf],1.697e+07 [yf],3.852e+08 [yf],5.676e+07 [yf],AI核心型,AI_CORE,0.465,0.0,AI收入/利润暴露均值,71.56,56.2
PANW,Palo Alto Networks,Cybersecurity,46.25,83.76,68.99,50.0,65.7,98.8,8.61,63.38,👀 综合中性,,2.913 [yf],22.02 [yf],69.91 [yf],1.3% [yf],31.1% [yf],24.0% [yf],14.0% [mk],72.0% [yf],33.8% [yf],4.8% [yf],0.55 [mk],1.14 [mk],62 [yf],59.2% [yf],0.908 [yf],-36.0% [yf],17.0,,PASS,0.9,False,False,review_low,1.48,live_data_drift,46.69,0.0,46.69,1.0,Hardware,True,99.9,False,"[CROSS-SRC] gross_margin: CSV=0.72 vs SEC=0.0298 (diff=0.69) | [DIM-DELTA] ai_exposure: CSV=56.90 vs recalc=58.21 (Δ=-1.31) | [LIVE-DRIFT-OK] final diff=1.48 within live-data tolerance, not a formula error",https://finance.yahoo.com/quote/PANW,https://financialmodelingprep.com/financial-summary/PANW,https://www.sec.gov/cgi-bin/browse-edgar?action=getcompany&CIK=0001327567&type=10-K,https://www.sec.gov/Archives/edgar/data/1327567/000132756725000027/0001327567-25-000027-index.htm,2026-07-11 22:38,325.9 [yf],8.15e+08 [yf],4.119 [yf],2.646e+11 [yf],325.9 [yf],-9.81e+08 [yf],1.061e+10 [yf],3.579e+09 [yf],1.484e+09 [yf],-2.462e+08 [yf],3.434e+08 [yf],1.984e+09 [yf],1.243e+09 [yf],AI赋能型,AI_ENABLED,0.5,5.0,AI收入/利润暴露均值,66.99,76.78
MSFT,Microsoft,SaaS,93.91,61.57,62.35,50.0,53.44,47.81,5.32,63.33,👀 综合中性,,0.85 [yf],9.14 [yf],19.89 [yf],1.3% [yf],18.3% [yf],23.4% [yf],14.0% [mk],68.3% [yf],11.6% [yf],34.0% [yf],0.3 [mk],1.12 [mk],52.9 [yf],-12.6% [yf],1.13 [yf],-34.5% [yf],18.0,,PASS,0.9,False,False,review_low,0.83,live_data_drift,41.79,0.0,41.79,1.0,SaaS,True,45.5,True,"[CROSS-SRC] gross_margin: CSV=0.683 vs SEC=0.031 (diff=0.652) | [DIM-DELTA] valuation: CSV=88.20 vs recalc=87.11 (Δ=+1.09) | [DIM-DELTA] ai_exposure: CSV=38.50 vs recalc=39.75 (Δ=-1.25) | [LIVE-DRIFT-OK] final diff=0.83 within live-data tolerance, not a formula error",https://finance.yahoo.com/quote/MSFT,https://financialmodelingprep.com/financial-summary/MSFT,https://www.sec.gov/cgi-bin/browse-edgar?action=getcompany&CIK=0000789019&type=10-K,https://www.sec.gov/Archives/edgar/data/789019/000095017025100235/0000950170-25-100235-index.htm,2026-07-11 22:38,385.1 [yf],7.428e+09 [yf],19.36 [yf],2.908e+12 [yf],385.1 [yf],4.72e+10 [yf],3.183e+11 [yf],3.701e+10 [yf],1.845e+11 [yf],-6.455e+10 [yf],3.415e+10 [yf],3.249e+10 [yf],1.285e+11 [yf],AI赋能型,AI_ENABLED,0.365,5.0,AI收入/利润暴露均值,63.65,39.75
CRWD,CrowdStrike Holdings,Cybersecurity,49.92,83.8,62.77,50.0,63.66,99.04,8.95,62.67,👀 综合中性,,2.996 [yf],36.68 [yf],119.9 [yf],1.0% [yf],25.6% [yf],40.0% [yf],22.0% [mk],75.1% [yf],37.8% [yf],-0.2% [yf],0.48 [mk],1.2 [mk],62.6 [yf],46.8% [yf],1.237 [yf],-37.2% [yf],17.0,,PASS,1.0,False,False,review_low,1.45,live_data_drift,55.61,0.0,55.61,1.0,SaaS,False,97.8,False,"[DIM-DELTA] valuation: CSV=27.90 vs recalc=31.07 (Δ=-3.17) | [DIM-DELTA] ai_exposure: CSV=73.40 vs recalc=69.43 (Δ=+3.97) | [LIVE-DRIFT-OK] final diff=1.45 within live-data tolerance, not a formula error",https://finance.yahoo.com/quote/CRWD,https://financialmodelingprep.com/financial-summary/CRWD,https://www.sec.gov/cgi-bin/browse-edgar?action=getcompany&CIK=0001535527&type=10-K,https://www.sec.gov/Archives/edgar/data/1535527/000153552726000010/0001535527-26-000010-index.htm,2026-07-11 22:38,187.2 [yf],1.018e+09 [yf],1.562 [yf],1.869e+11 [yf],187.2 [yf],-3.731e+09 [yf],5.094e+09 [yf],1.926e+09 [yf],5.932e+07 [yf],-3.709e+08 [yf],2.815e+08 [yf],1.385e+09 [yf],-2.933e+08 [yf],AI赋能型,AI_ENABLED,0.41,5.0,AI收入/利润暴露均值,66.62,69.43
NXPI,NXP Semiconductors,Hardware,90.76,60.26,64.0,50.0,45.06,87.64,6.22,62.62,👀 综合中性,,0.126 [yf],6.48 [yf],16.5 [yf],3.7% [yf],12.2% [yf],130.7% [yf],8.0% [mk],55.6% [yf],21.6% [yf],25.8% [yf],0.65 [mk],n/a [--],40.9 [yf],23.5% [yf],1.805 [yf],-24.6% [yf],18.0,,PASS,1.0,False,False,review_low,1.47,live_data_drift,39.57,0.0,39.57,1.0,Hardware,False,93.6,False,"[DIM-DELTA] valuation: CSV=79.70 vs recalc=81.69 (Δ=-1.99) | [LIVE-DRIFT-OK] final diff=1.47 within live-data tolerance, not a formula error",https://finance.yahoo.com/quote/NXPI,https://financialmodelingprep.com/financial-summary/NXPI,https://www.sec.gov/cgi-bin/browse-edgar?action=getcompany&CIK=0001413447&type=10-K,https://www.sec.gov/Archives/edgar/data/1413447/000141344726000008/0001413447-26-000008-index.htm,2026-07-11 22:38,292.3 [yf],2.525e+08 [yf],17.71 [yf],8.215e+10 [yf],292.3 [yf],8.016e+09 [yf],1.262e+10 [yf],2.727e+09 [yf],4.161e+09 [yf],-5.37e+08 [yf],8.32e+08 [yf],2.36e+09 [yf],3.035e+09 [yf],AI赋能型,AI_ENABLED,0.21,2.75,AI收入/利润暴露均值,66.09,8.44
WDAY,Workday,SaaS,100.0,71.1,69.67,50.0,48.85,23.98,7.65,62.61,👀 综合中性,,0.044 [yf],2.78 [yf],10.99 [yf],11.2% [yf],13.5% [yf],248.0% [yf],14.0% [mk],75.8% [yf],31.6% [yf],10.9% [yf],0.3 [mk],1.16 [mk],70.6 [yf],-19.4% [yf],1.104 [yf],-54.6% [yf],18.0,,PASS,1.0,False,False,review_medium,3.86,live_data_drift,48.62,0.0,48.62,1.0,SaaS,False,42.3,False,"[DIM-DELTA] valuation: CSV=98.90 vs recalc=97.03 (Δ=+1.87) | [DIM-DELTA] ai_exposure: CSV=38.50 vs recalc=35.37 (Δ=+3.13) | [LIVE-DRIFT-OK] final diff=3.86 within live-data tolerance, not a formula error",https://finance.yahoo.com/quote/WDAY,https://financialmodelingprep.com/financial-summary/WDAY,https://www.sec.gov/cgi-bin/browse-edgar?action=getcompany&CIK=0001327811&type=10-K,https://www.sec.gov/Archives/edgar/data/1327811/000132781126000014/0001327811-26-000014-index.htm,2026-07-11 22:38,138.9 [yf],2.01e+08 [yf],12.64 [yf],3.377e+10 [yf],138.9 [yf],-5.48e+08 [yf],9.854e+09 [yf],3.119e+09 [yf],1.512e+09 [yf],-1.62e+08 [yf],3.47e+08 [yf],2.679e+09 [yf],1.024e+09 [yf],AI赋能型,AI_ENABLED,0.29,4.75,AI收入/利润暴露均值,65.51,39.37
NFLX,Netflix,SaaS,99.72,79.17,64.4,50.0,56.94,27.84,8.04,62.58,👀 综合中性,,0.221 [yf],6.68 [yf],19.1 [yf],8.4% [yf],16.2% [yf],86.4% [yf],12.0% [mk],49.0% [yf],55.4% [yf],48.5% [yf],0.7 [mk],n/a [--],41.1 [yf],-22.7% [yf],1.517 [yf],-44.4% [yf],18.0,,PASS,1.0,False,False,minor_diff,0.06,live_data_drift,44.41,0.0,44.41,0.0,Unknown,False,33.3,False,[DIM-DELTA] valuation: CSV=92.30 vs recalc=90.85 (Δ=+1.45),https://finance.yahoo.com/quote/NFLX,https://financialmodelingprep.com/financial-summary/NFLX,https://www.sec.gov/cgi-bin/browse-edgar?action=getcompany&CIK=0001065280&type=10-K,https://www.sec.gov/Archives/edgar/data/1065280/000106528026000034/0001065280-26-000034-index.htm,2026-07-11 22:38,73.37 [yf],4.211e+09 [yf],3.842 [yf],3.135e+11 [yf],73.37 [yf],4.454e+09 [yf],4.689e+10 [yf],2.599e+10 [yf],1.429e+10 [yf],-6.882e+08 [yf],1.676e+10 [yf],3.391e+09 [yf],1.333e+10 [yf],AI赋能型,AI_ENABLED,0.21,2.75,AI收入/利润暴露均值,67.87,18.67
CDNS,Cadence Design Systems,SaaS,81.86,61.23,82.39,53.8,51.65,93.08,6.8,62.47,👀 综合中性,,1.777 [yf],19.44 [yf],40.87 [yf],1.4% [yf],18.7% [yf],23.0% [yf],14.0% [mk],86.1% [yf],27.1% [yf],20.7% [yf],0.15 [mk],1.08 [mk],47.7 [yf],17.2% [yf],1.148 [yf],-28.8% [yf],18.0,,PASS,1.0,False,False,review_low,1.02,live_data_drift,49.64,0.0,49.64,1.0,SaaS,False,93.0,False,"[DIM-DELTA] ai_exposure: CSV=46.10 vs recalc=47.80 (Δ=-1.70) | [LIVE-DRIFT-OK] final diff=1.02 within live-data tolerance, not a formula error",https://finance.yahoo.com/quote/CDNS,https://financialmodelingprep.com/financial-summary/CDNS,https://www.sec.gov/cgi-bin/browse-edgar?action=getcompany&CIK=0000813672&type=10-K,https://www.sec.gov/Archives/edgar/data/813672/000081367226000016/0000813672-26-000016-index.htm,2026-07-11 22:38,384.2 [yf],2.758e+08 [yf],9.4 [yf],1.075e+11 [yf],384.2 [yf],1.537e+09 [yf],5.529e+09 [yf],1.499e+09 [yf],2.014e+09 [yf],-1.419e+08 [yf],2.338e+08 [yf],1.769e+09 [yf],1.65e+09 [yf],AI核心型,AI_CORE,0.435,0.0,AI收入/利润暴露均值,69.27,53.8
MU,Micron Technology,Hardware,71.68,95.56,64.28,47.87,87.14,87.08,12.63,62.23,👀 综合中性,,0.37 [yf],21.94 [yf],9.9 [yf],0.7% [yf],196.3% [yf],682.0% [yf],30.0% [mk],58.4% [yf],11.5% [yf],39.8% [yf],0.25 [mk],n/a [--],40.4 [yf],110.9% [yf],2.142 [yf],-30.3% [yf],18.0,,PASS,1.0,False,False,review_low,0.52,live_data_drift,65.07,0.0,65.07,1.0,Hardware,False,98.6,False,"[DIM-DELTA] valuation: CSV=76.40 vs recalc=84.07 (Δ=-7.67) | [LIVE-DRIFT-OK] final diff=0.52 within live-data tolerance, not a formula error",https://finance.yahoo.com/quote/MU,https://financialmodelingprep.com/financial-summary/MU,https://www.sec.gov/cgi-bin/browse-edgar?action=getcompany&CIK=0000723125&type=10-K,https://www.sec.gov/Archives/edgar/data/723125/000072312525000028/0000723125-25-000028-index.htm,2026-07-11 22:38,979.3 [yf],1.129e+09 [yf],149.6 [yf],1.086e+12 [yf],979.3 [yf],-1.965e+10 [yf],9.027e+10 [yf],7.639e+09 [yf],6.822e+10 [yf],-1.586e+10 [yf],8.352e+09 [yf],3.798e+09 [yf],9.809e+09 [yf],AI核心型,AI_CORE,0.475,0.0,AI收入/利润暴露均值,74.86,47.87
CSCO,Cisco Systems,Hardware,77.09,46.05,71.92,50.0,47.35,95.4,2.7,62.04,👀 综合中性,,0.685 [yf],8.14 [yf],25.4 [yf],1.9% [yf],12.0% [yf],37.1% [yf],5.0% [mk],64.3% [yf],15.3% [yf],25.2% [yf],0.35 [mk],1.04 [mk],53.5 [yf],42.1% [yf],1.007 [yf],-13.7% [yf],18.0,,PASS,1.0,False,False,review_low,1.07,live_data_drift,31.12,0.0,31.12,0.0,Unknown,False,97.6,False,"[DIM-DELTA] valuation: CSV=50.50 vs recalc=56.90 (Δ=-6.40) | [LIVE-DRIFT-OK] final diff=1.07 within live-data tolerance, not a formula error",https://finance.yahoo.com/quote/CSCO,https://financialmodelingprep.com/financial-summary/CSCO,https://www.sec.gov/cgi-bin/browse-edgar?action=getcompany&CIK=0000858877&type=10-K,https://www.sec.gov/Archives/edgar/data/858877/000085887725000111/0000858877-25-000111-index.htm,2026-07-11 22:38,121.3 [yf],3.941e+09 [yf],4.777 [yf],4.945e+11 [yf],121.3 [yf],1.636e+10 [yf],6.075e+10 [yf],9.288e+09 [yf],1.701e+10 [yf],-9.05e+08 [yf],2.811e+09 [yf],9.3e+09 [yf],1.25e+10 [yf],AI赋能型,AI_ENABLED,0.21,2.75,AI收入/利润暴露均值,61.99,21.22
NET,Cloudflare,SaaS,62.22,94.31,54.33,50.0,61.53,72.32,10.43,61.88,👀 综合中性,,2.834 [yf],36.75 [yf],170 [yf],0.9% [yf],33.5% [yf],60.0% [yf],25.0% [mk],73.3% [yf],32.4% [yf],-5.9% [yf],0.6 [mk],1.15 [mk],77.3 [yf],28.2% [yf],1.671 [yf],-36.8% [yf],16.0,ev_ebitda(raw=-2122),PASS,1.0,False,False,review_low,1.28,live_data_drift,53.93,0.0,53.93,1.0,SaaS,False,82.0,False,"[DIM-DELTA] ai_exposure: CSV=40.50 vs recalc=44.53 (Δ=-4.03) | [LIVE-DRIFT-OK] final diff=1.28 within live-data tolerance, not a formula error",https://finance.yahoo.com/quote/NET,https://financialmodelingprep.com/financial-summary/NET,https://www.sec.gov/cgi-bin/browse-edgar?action=getcompany&CIK=0001477333&type=10-K,https://www.sec.gov/Archives/edgar/data/1477333/000147733326000016/0001477333-26-000016-index.htm,2026-07-11 22:38,268.4 [yf],3.212e+08 [yf],1.579 [yf],9.423e+10 [yf],268.4 [yf],-6.393e+08 [yf],2.329e+09 [yf],7.55e+08 [yf],-3.628e+07 [yf],-3.426e+08 [yf],1.897e+08 [yf],5.125e+08 [yf],-2.072e+08 [yf],AI赋能型,AI_ENABLED,0.29,4.75,AI收入/利润暴露均值,67.56,55.33
HUBS,HubSpot,SaaS,87.95,83.91,66.62,50.0,56.94,24.32,9.16,61.65,👀 综合中性,,0.241 [yf],2.78 [yf],13.28 [yf],6.2% [yf],23.4% [yf],55.0% [yf],18.0% [mk],83.7% [yf],19.9% [yf],5.0% [yf],0.3 [mk],1.11 [mk],69.8 [yf],-32.0% [yf],1.222 [yf],-69.6% [yf],17.0,,PASS,0.9,False,False,review_low,1.05,live_data_drift,52.94,0.0,52.94,1.0,SaaS,True,33.4,True,"[CROSS-SRC] gross_margin: CSV=0.837 vs SEC=0.182 (diff=0.655) | [DIM-DELTA] valuation: CSV=89.20 vs recalc=95.00 (Δ=-5.80) | [DIM-DELTA] ai_exposure: CSV=30.90 vs recalc=33.60 (Δ=-2.70) | [LIVE-DRIFT-OK] final diff=1.05 within live-data tolerance, not a formula error",https://finance.yahoo.com/quote/HUBS,https://financialmodelingprep.com/financial-summary/HUBS,https://www.sec.gov/cgi-bin/browse-edgar?action=getcompany&CIK=0001404655&type=10-K,https://www.sec.gov/Archives/edgar/data/1404655/000119312526046646/0001193125-26-046646-index.htm,2026-07-11 22:38,207.5 [yf],5.119e+07 [yf],15.63 [yf],9.183e+09 [yf],207.5 [yf],-1.444e+09 [yf],3.298e+09 [yf],6.562e+08 [yf],8.796e+07 [yf],-1.841e+08 [yf],1.363e+08 [yf],9.059e+08 [yf],1.142e+07 [yf],AI赋能型,AI_ENABLED,0.265,4.12,AI收入/利润暴露均值,66.69,40.0
DDOG,Datadog,SaaS,58.34,91.75,66.66,61.43,63.53,83.04,10.04,61.51,👀 综合中性,,0.859 [yf],22.26 [yf],89.38 [yf],1.1% [yf],32.2% [yf],104.0% [yf],22.0% [mk],79.9% [yf],25.5% [yf],3.9% [yf],0.22 [mk],1.19 [mk],70.6 [yf],61.8% [yf],1.543 [yf],-48.6% [yf],18.0,,PASS,1.0,False,False,minor_diff,0.32,live_data_drift,61.68,0.0,61.68,1.0,SaaS,False,97.7,False,[DIM-DELTA] valuation: CSV=51.00 vs recalc=64.44 (Δ=-13.44),https://finance.yahoo.com/quote/DDOG,https://financialmodelingprep.com/financial-summary/DDOG,https://www.sec.gov/cgi-bin/browse-edgar?action=getcompany&CIK=0001561550&type=10-K,https://www.sec.gov/Archives/edgar/data/1561550/000162828026008819/0001628280-26-008819-index.htm,2026-07-11 22:38,257.5 [yf],3.308e+08 [yf],2.881 [yf],8.82e+10 [yf],257.5 [yf],-3.474e+09 [yf],3.672e+09 [yf],9.367e+08 [yf],3.464e+07 [yf],-1.354e+08 [yf],5.576e+07 [yf],1.548e+09 [yf],-4.437e+07 [yf],AI核心型,AI_CORE,0.365,0.0,AI收入/利润暴露均值,71.55,61.43
DT,Dynatrace,SaaS,96.93,53.55,72.43,52.47,55.44,79.93,6.73,60.94,👀 综合中性,,0.91 [yf],5.81 [yf],19.31 [yf],3.9% [yf],19.4% [yf],-52.6% [yf],20.0% [mk],81.7% [yf],24.9% [yf],6.2% [yf],0.0 [mk],1.14 [mk],58.5 [yf],4.8% [yf],0.732 [yf],-40.8% [yf],18.0,,PASS,1.0,False,False,review_medium,2.0,live_data_drift,48.95,0.0,48.95,1.0,SaaS,False,67.8,False,"[DIM-DELTA] valuation: CSV=96.30 vs recalc=94.66 (Δ=+1.64) | [DIM-DELTA] ai_exposure: CSV=40.80 vs recalc=42.47 (Δ=-1.67) | [LIVE-DRIFT-OK] final diff=2.00 within live-data tolerance, not a formula error",https://finance.yahoo.com/quote/DT,https://financialmodelingprep.com/financial-summary/DT,https://www.sec.gov/cgi-bin/browse-edgar?action=getcompany&CIK=0001773383&type=10-K,https://www.sec.gov/Archives/edgar/data/1773383/000177338326000019/0001773383-26-000019-index.htm,2026-07-11 22:38,43.68 [yf],2.915e+08 [yf],2.262 [yf],1.172e+10 [yf],43.68 [yf],-1.008e+09 [yf],2.018e+09 [yf],5.018e+08 [yf],2.824e+08 [yf],-3.237e+07 [yf],2.406e+07 [yf],4.743e+08 [yf],2.639e+08 [yf],AI核心型,AI_CORE,0.31,0.0,AI收入/利润暴露均值,67.67,52.47
MRVL,Marvell Technology,Hardware,59.36,74.35,60.64,75.28,65.82,75.68,9.42,59.34,👀 综合中性,,0.509 [yf],23.86 [yf],38.17 [yf],1.1% [yf],27.6% [yf],75.0% [yf],38.0% [mk],51.5% [yf],26.0% [yf],16.0% [yf],0.21 [mk],n/a [--],29.2 [yf],86.2% [yf],2.197 [yf],-27.1% [yf],18.0,,PASS,1.0,False,False,review_low,1.83,rounding_difference,52.44,0.0,52.44,1.0,Hardware,False,99.1,True,,https://finance.yahoo.com/quote/MRVL,https://financialmodelingprep.com/financial-summary/MRVL,https://www.sec.gov/cgi-bin/browse-edgar?action=getcompany&CIK=0001835632&type=10-K,https://www.sec.gov/Archives/edgar/data/1835632/000183563226000011/0001835632-26-000011-index.htm,2026-07-11 22:38,235.8 [yf],8.758e+08 [yf],6.178 [yf],2.077e+11 [yf],235.8 [yf],1.434e+09 [yf],8.717e+09 [yf],2.27e+09 [yf],2.712e+09 [yf],-3.586e+08 [yf],1.291e+09 [yf],2.075e+09 [yf],1.338e+09 [yf],AI核心型,AI_CORE,0.735,0.0,AI收入/利润暴露均值,68.76,75.28
MDB,MongoDB,SaaS,87.87,87.05,47.08,46.87,60.75,74.0,9.99,59.26,👀 综合中性,,0.777 [yf],9.66 [yf],46.62 [yf],1.9% [yf],25.2% [yf],60.0% [yf],20.0% [mk],72.0% [yf],19.9% [yf],-1.0% [yf],0.85 [mk],1.18 [mk],53.1 [yf],2.6% [yf],1.549 [yf],-48.7% [yf],16.0,ev_ebitda(raw=-320.1),PASS,1.0,False,False,review_medium,2.4,live_data_drift,56.38,0.0,56.38,1.0,SaaS,False,82.9,False,"[DIM-DELTA] ai_exposure: CSV=41.10 vs recalc=40.07 (Δ=+1.03) | [LIVE-DRIFT-OK] final diff=2.40 within live-data tolerance, not a formula error",https://finance.yahoo.com/quote/MDB,https://financialmodelingprep.com/financial-summary/MDB,https://www.sec.gov/cgi-bin/browse-edgar?action=getcompany&CIK=0001441816&type=10-K,https://www.sec.gov/Archives/edgar/data/1441816/000162828026016799/0001628280-26-016799-index.htm,2026-07-11 22:38,342.1 [yf],8.043e+07 [yf],7.338 [yf],2.515e+10 [yf],342.1 [yf],-2.369e+09 [yf],2.602e+09 [yf],5.176e+08 [yf],-8.01e+07 [yf],-4.96e+06 [yf],3.741e+07 [yf],7.163e+08 [yf],-1.37e+08 [yf],AI核心型,AI_CORE,0.31,0.0,AI收入/利润暴露均值,69.25,46.87
CRUS,Cirrus Logic,Hardware,94.29,42.07,66.73,50.0,51.15,61.58,5.07,58.96,👀 综合中性,,0.797 [yf],3.42 [yf],15.86 [yf],6.7% [yf],5.7% [yf],19.9% [yf],8.0% [mk],52.8% [yf],25.3% [yf],20.3% [yf],0.0 [mk],n/a [--],26.9 [yf],7.3% [yf],1.163 [yf],-18.3% [yf],18.0,,PASS,1.0,False,False,review_low,1.34,live_data_drift,30.88,0.0,30.88,1.0,Hardware,False,90.0,False,"[DIM-DELTA] valuation: CSV=66.30 vs recalc=64.60 (Δ=+1.70) | [LIVE-DRIFT-OK] final diff=1.34 within live-data tolerance, not a formula error",https://finance.yahoo.com/quote/CRUS,https://financialmodelingprep.com/financial-summary/CRUS,https://www.sec.gov/cgi-bin/browse-edgar?action=getcompany&CIK=0000772406&type=10-K,https://www.sec.gov/Archives/edgar/data/772406/000077240626000018/0000772406-26-000018-index.htm,2026-07-11 22:38,150.4 [yf],5.045e+07 [yf],9.478 [yf],6.852e+09 [yf],150.4 [yf],-7.537e+08 [yf],1.997e+09 [yf],5.057e+08 [yf],5.127e+08 [yf],-1.484e+07 [yf],5.23e+07 [yf],4.34e+08 [yf],4.604e+08 [yf],AI赋能型,AI_ENABLED,0.235,3.37,AI收入/利润暴露均值,60.66,8.81
SNPS,Synopsys,SaaS,87.93,66.43,73.19,50.97,47.35,61.25,7.37,58.86,👀 综合中性,,2.39 [yf],10.79 [yf],25.81 [yf],4.1% [yf],41.9% [yf],-96.0% [yf],14.0% [mk],82.6% [yf],40.8% [yf],3.8% [yf],0.1 [mk],1.08 [mk],43.9 [yf],-2.3% [yf],1.222 [yf],-41.0% [yf],18.0,,PASS,0.9,False,False,minor_diff,0.22,live_data_drift,49.02,0.0,49.02,1.0,SaaS,True,61.2,True,[CROSS-SRC] gross_margin: CSV=0.826 vs SEC=1.07 (diff=0.243) | [DIM-DELTA] valuation: CSV=79.60 vs recalc=80.84 (Δ=-1.24) | [DIM-DELTA] ai_exposure: CSV=44.00 vs recalc=46.17 (Δ=-2.17),https://finance.yahoo.com/quote/SNPS,https://financialmodelingprep.com/financial-summary/SNPS,https://www.sec.gov/cgi-bin/browse-edgar?action=getcompany&CIK=0000883241&type=10-K,https://www.sec.gov/Archives/edgar/data/883241/000088324125000028/0000883241-25-000028-index.htm,2026-07-11 22:38,445.5 [yf],1.915e+08 [yf],17.26 [yf],9.366e+10 [yf],445.5 [yf],8.358e+09 [yf],8.679e+09 [yf],3.539e+09 [yf],1.696e+09 [yf],-1.695e+08 [yf],6.604e+08 [yf],2.479e+09 [yf],9.149e+08 [yf],AI核心型,AI_CORE,0.41,0.0,AI收入/利润暴露均值,66.23,50.97
CLS,Celestica,Hardware,77.83,87.12,46.11,35.28,55.44,87.51,7.08,58.53,👀 综合中性,,0.163 [yf],3.04 [yf],24.05 [yf],1.6% [yf],52.8% [yf],147.3% [yf],18.0% [mk],12.0% [yf],4.7% [yf],52.5% [yf],0.35 [mk],n/a [--],46.2 [yf],12.1% [yf],1.515 [yf],-29.2% [yf],18.0,,PASS,1.0,False,False,review_low,0.51,live_data_drift,51.26,0.0,51.26,1.0,Hardware,False,92.7,False,"[DIM-DELTA] valuation: CSV=71.60 vs recalc=80.02 (Δ=-8.42) | [LIVE-DRIFT-OK] final diff=0.51 within live-data tolerance, not a formula error",https://finance.yahoo.com/quote/CLS,https://financialmodelingprep.com/financial-summary/CLS,https://www.sec.gov/cgi-bin/browse-edgar?action=getcompany&CIK=0001030894&type=10-K,https://www.sec.gov/Archives/edgar/data/1030894/000103089426000011/0001030894-26-000011-index.htm,2026-07-11 22:38,359.9 [yf],1.15e+08 [yf],14.96 [yf],4.194e+10 [yf],359.9 [yf],5.637e+08 [yf],1.379e+10 [yf],6.469e+08 [yf],1.38e+09 [yf],-2.012e+08 [yf],1.757e+08 [yf],1.182e+08 [yf],1.07e+09 [yf],AI核心型,AI_CORE,0.41,0.0,AI收入/利润暴露均值,65.61,35.28
VRT,Vertiv Holdings,Hardware,63.01,79.9,55.0,58.53,65.32,92.68,10.08,58.25,👀 综合中性,,0.265 [yf],11.37 [yf],35.98 [yf],1.6% [yf],30.1% [yf],135.7% [yf],22.0% [mk],37.2% [yf],18.1% [yf],45.1% [yf],1.2 [mk],n/a [--],46.7 [yf],34.7% [yf],2.029 [yf],-25.3% [yf],18.0,,PASS,1.0,False,False,review_low,0.55,live_data_drift,56.05,0.0,56.05,0.0,Unknown,False,86.5,False,"[DIM-DELTA] valuation: CSV=55.00 vs recalc=62.80 (Δ=-7.80) | [LIVE-DRIFT-OK] final diff=0.55 within live-data tolerance, not a formula error",https://finance.yahoo.com/quote/VRT,https://financialmodelingprep.com/financial-summary/VRT,https://www.sec.gov/cgi-bin/browse-edgar?action=getcompany&CIK=0001674101&type=10-K,https://www.sec.gov/Archives/edgar/data/1674101/000167410126000008/0001674101-26-000008-index.htm,2026-07-11 22:38,318.9 [yf],3.841e+08 [yf],8.863 [yf],1.232e+11 [yf],318.9 [yf],7.644e+08 [yf],1.084e+10 [yf],1.965e+09 [yf],2.383e+09 [yf],-2.264e+08 [yf],3.086e+08 [yf],n/a [--],1.896e+09 [yf],AI核心型,AI_CORE,0.625,0.0,AI收入/利润暴露均值,68.33,58.53
DOCU,DocuSign,Hardware,99.63,50.22,72.89,50.0,46.85,33.28,5.29,57.76,👀 综合中性,,0.548 [yf],2.67 [yf],9.65 [yf],13.3% [yf],8.7% [yf],17.6% [yf],8.0% [mk],79.5% [yf],38.0% [yf],16.4% [yf],0.65 [mk],1.02 [mk],72 [yf],-12.7% [yf],0.903 [yf],-50.9% [yf],18.0,,PASS,1.0,True,False,review_medium,2.04,live_data_drift,36.22,0.0,36.22,1.0,SaaS,False,37.2,True,"Sector conflict: CSV=Hardware | Suggested=SaaS (conf=100%) | FMP=/ | Finnhub= | SIC=7372 | [DIM-DELTA] valuation: CSV=92.50 vs recalc=98.62 (Δ=-6.12) | [DIM-DELTA] growth: CSV=28.60 vs recalc=37.65 (Δ=-9.05) | [DIM-DELTA] quality: CSV=79.30 vs recalc=75.20 (Δ=+4.10) | [DIM-DELTA] ai_exposure: CSV=10.00 vs recalc=16.50 (Δ=-6.50) | [LIVE-DRIFT-OK] final diff=2.04 within live-data tolerance, not a formula error",https://finance.yahoo.com/quote/DOCU,https://financialmodelingprep.com/financial-summary/DOCU,https://www.sec.gov/cgi-bin/browse-edgar?action=getcompany&CIK=0001261333&type=10-K,https://www.sec.gov/Archives/edgar/data/1261333/000126133326000021/0001261333-26-000021-index.htm,2026-07-11 22:38,49.18 [yf],1.909e+08 [yf],5.097 [yf],8.76e+09 [yf],49.18 [yf],-6.308e+08 [yf],3.286e+09 [yf],1.25e+09 [yf],3.875e+08 [yf],-1.064e+08 [yf],1.161e+08 [yf],6.65e+08 [yf],2.986e+08 [yf],AI赋能型,AI_ENABLED,0.165,1.62,AI收入/利润暴露均值,61.43,16.5
ANET,Arista Networks,Hardware,50.61,60.97,89.97,56.0,55.44,97.76,7.83,57.55,👀 综合中性,,1.679 [yf],22.97 [yf],41.97 [yf],1.9% [yf],35.1% [yf],25.0% [yf],16.0% [mk],63.5% [yf],44.9% [yf],31.5% [yf],0.0 [mk],n/a [--],59.4 [yf],29.9% [yf],1.601 [yf],-28.3% [yf],18.0,,PASS,1.0,False,False,review_low,1.83,live_data_drift,48.94,0.0,48.94,0.0,Unknown,False,83.3,False,"[DIM-DELTA] valuation: CSV=43.80 vs recalc=46.93 (Δ=-3.13) | [LIVE-DRIFT-OK] final diff=1.83 within live-data tolerance, not a formula error",https://finance.yahoo.com/quote/ANET,https://financialmodelingprep.com/financial-summary/ANET,https://www.sec.gov/cgi-bin/browse-edgar?action=getcompany&CIK=0001596532&type=10-K,https://www.sec.gov/Archives/edgar/data/1596532/000159653226000013/0001596532-26-000013-index.htm,2026-07-11 22:38,187 [yf],1.259e+09 [yf],4.454 [yf],2.231e+11 [yf],187 [yf],-1.235e+10 [yf],9.71e+09 [yf],4.362e+09 [yf],4.237e+09 [yf],-1.195e+08 [yf],7.26e+07 [yf],1.237e+09 [yf],3.856e+09 [yf],AI核心型,AI_CORE,0.525,0.0,AI收入/利润暴露均值,65.38,56.0
GRMN,Garmin,Hardware,77.86,45.38,61.69,50.0,51.15,85.02,3.91,57.5,👀 综合中性,,1.095 [yf],5.95 [yf],23.55 [yf],1.7% [yf],14.2% [yf],21.5% [yf],8.0% [mk],59.1% [yf],10.8% [yf],19.9% [yf],0.0 [mk],n/a [--],62 [yf],7.0% [yf],0.914 [yf],-28.0% [yf],18.0,,PASS,1.0,False,False,minor_diff,0.44,live_data_drift,25.36,0.0,25.36,0.0,Unknown,False,77.2,False,[DIM-DELTA] valuation: CSV=53.60 vs recalc=54.37 (Δ=-0.77),https://finance.yahoo.com/quote/GRMN,https://financialmodelingprep.com/financial-summary/GRMN,https://www.sec.gov/cgi-bin/browse-edgar?action=getcompany&CIK=0001121788&type=10-K,https://www.sec.gov/Archives/edgar/data/1121788/000119312526056028/0001193125-26-056028-index.htm,2026-07-11 22:38,243.1 [yf],1.929e+08 [yf],10.32 [yf],4.44e+10 [yf],243.1 [yf],-2.485e+09 [yf],7.464e+09 [yf],8.102e+08 [yf],2.167e+09 [yf],-2.704e+08 [yf],1.888e+08 [yf],1.126e+09 [yf],1.876e+09 [yf],AI赋能型,AI_ENABLED,0.165,1.62,AI收入/利润暴露均值,59.79,4.62
HPE,Hewlett Packard Enterprise,Hardware,93.78,56.9,24.23,50.0,45.06,95.12,5.38,57.5,👀 综合中性,,1.012 [yf],2.07 [yf],12.14 [yf],6.0% [yf],40.0% [yf],12.0% [yf],7.0% [mk],33.8% [yf],9.9% [yf],6.3% [yf],0.65 [mk],n/a [--],52.8 [yf],75.9% [yf],1.438 [yf],-26.4% [yf],17.0,,PASS,1.0,False,False,review_medium,2.73,live_data_drift,36.15,0.0,36.15,0.0,Unknown,False,98.2,False,"[DIM-DELTA] valuation: CSV=93.20 vs recalc=94.82 (Δ=-1.62) | [LIVE-DRIFT-OK] final diff=2.73 within live-data tolerance, not a formula error",https://finance.yahoo.com/quote/HPE,https://financialmodelingprep.com/financial-summary/HPE,https://www.sec.gov/cgi-bin/browse-edgar?action=getcompany&CIK=0001645590&type=10-K,https://www.sec.gov/Archives/edgar/data/1645590/000164559025000130/0001645590-25-000130-index.htm,2026-07-11 22:38,48.54 [yf],1.324e+09 [yf],3.998 [yf],8.035e+10 [yf],48.54 [yf],1.601e+10 [yf],3.879e+10 [yf],3.836e+09 [yf],5.631e+09 [yf],-2.292e+09 [yf],2.737e+09 [yf],2.518e+09 [yf],1.644e+09 [yf],AI赋能型,AI_ENABLED,0.19,2.25,AI收入/利润暴露均值,60.63,16.96
LRCX,Lam Research,Hardware,52.16,55.77,71.0,50.0,49.13,90.52,6.71,57.28,👀 综合中性,,1.062 [yf],20.16 [yf],43.35 [yf],1.0% [yf],23.8% [yf],40.8% [yf],12.0% [mk],50.0% [yf],20.1% [yf],66.8% [yf],0.45 [mk],n/a [--],43.6 [yf],53.7% [yf],1.805 [yf],-24.7% [yf],18.0,,PASS,1.0,False,False,minor_diff,0.17,live_data_drift,40.56,0.0,40.56,0.0,Unknown,False,85.6,False,[DIM-DELTA] valuation: CSV=28.20 vs recalc=43.55 (Δ=-15.35),https://finance.yahoo.com/quote/LRCX,https://financialmodelingprep.com/financial-summary/LRCX,https://www.sec.gov/cgi-bin/browse-edgar?action=getcompany&CIK=0000707549&type=10-K,https://www.sec.gov/Archives/edgar/data/707549/000070754925000075/0000707549-25-000075-index.htm,2026-07-11 22:38,350.3 [yf],1.251e+09 [yf],8.082 [yf],4.371e+11 [yf],350.3 [yf],-1.016e+09 [yf],2.168e+10 [yf],4.352e+09 [yf],7.848e+09 [yf],-7.592e+08 [yf],3.863e+08 [yf],2.096e+09 [yf],5.901e+09 [yf],AI赋能型,AI_ENABLED,0.51,5.0,AI收入/利润暴露均值,58.99,50.24
NTNX,Nutanix,Hardware,68.79,55.83,75.79,50.0,54.94,50.63,7.58,56.81,👀 综合中性,,1.455 [yf],5.21 [yf],25.02 [yf],4.3% [yf],10.0% [yf],17.2% [yf],14.0% [mk],87.1% [yf],23.0% [yf],15.0% [mk],0.5 [mk],1.16 [mk],82.7 [yf],8.4% [yf],0.609 [yf],-57.6% [yf],17.0,,PASS,1.0,True,False,review_low,0.93,live_data_drift,40.53,0.0,40.53,1.0,SaaS,False,66.6,True,"Sector conflict: CSV=Hardware | Suggested=SaaS (conf=100%) | FMP=/ | Finnhub= | SIC=7372 | [DIM-DELTA] valuation: CSV=73.10 vs recalc=75.59 (Δ=-2.49) | [LIVE-DRIFT-OK] final diff=0.93 within live-data tolerance, not a formula error",https://finance.yahoo.com/quote/NTNX,https://financialmodelingprep.com/financial-summary/NTNX,https://www.sec.gov/cgi-bin/browse-edgar?action=getcompany&CIK=0001618732&type=10-K,https://www.sec.gov/Archives/edgar/data/1618732/000119312525213801/0001193125-25-213801-index.htm,2026-07-11 22:38,54.79 [yf],2.703e+08 [yf],2.19 [yf],1.433e+10 [yf],54.79 [yf],-4.856e+08 [yf],2.75e+09 [yf],6.317e+08 [yf],3.16e+08 [yf],-7.128e+07 [yf],7.27e+07 [yf],7.368e+08 [yf],1.725e+08 [yf],AI赋能型,AI_ENABLED,0.29,4.75,AI收入/利润暴露均值,59.64,22.5
AAPL,Apple,Hardware,67.43,45.94,59.52,50.0,46.85,98.76,3.97,56.74,👀 综合中性,,1.505 [yf],10.29 [yf],32.82 [yf],2.2% [yf],16.6% [yf],21.8% [yf],8.0% [mk],47.9% [yf],22.4% [yf],141.5% [yf],1.5 [mk],1.05 [mk],61.9 [yf],15.9% [yf],1.097 [yf],-13.8% [yf],18.0,,PASS,0.9,False,False,minor_diff,0.2,rounding_difference,24.91,0.0,24.91,1.0,Hardware,True,82.7,True,[CROSS-SRC] gross_margin: CSV=0.479 vs SEC=0.735 (diff=0.256),https://finance.yahoo.com/quote/AAPL,https://financialmodelingprep.com/financial-summary/AAPL,https://www.sec.gov/cgi-bin/browse-edgar?action=getcompany&CIK=0000320193&type=10-K,https://www.sec.gov/Archives/edgar/data/320193/000032019325000079/0000320193-25-000079-index.htm,2026-07-11 22:38,315.3 [yf],1.469e+10 [yf],9.609 [yf],4.647e+12 [yf],315.3 [yf],1.62e+10 [yf],4.514e+11 [yf],1.011e+11 [yf],1.6e+11 [yf],-1.272e+10 [yf],1.17e+10 [yf],3.455e+10 [yf],1.33e+11 [yf],AI赋能型,AI_ENABLED,0.19,2.25,AI收入/利润暴露均值,58.46,4.62
JBL,Jabil,Hardware,88.91,46.56,41.61,50.0,46.85,80.92,4.09,56.6,👀 综合中性,,0.715 [yf],1.11 [yf],19.72 [yf],3.5% [yf],11.8% [yf],27.6% [yf],7.0% [mk],9.2% [yf],3.6% [yf],59.7% [yf],0.8 [mk],n/a [--],34.6 [yf],22.1% [yf],1.279 [yf],-17.9% [yf],18.0,,PASS,1.0,False,False,review_low,1.47,live_data_drift,36.98,0.0,36.98,1.0,Hardware,False,96.8,False,"[DIM-DELTA] valuation: CSV=82.80 vs recalc=85.73 (Δ=-2.93) | [LIVE-DRIFT-OK] final diff=1.47 within live-data tolerance, not a formula error",https://finance.yahoo.com/quote/JBL,https://financialmodelingprep.com/financial-summary/JBL,https://www.sec.gov/cgi-bin/browse-edgar?action=getcompany&CIK=0000898293&type=10-K,https://www.sec.gov/Archives/edgar/data/898293/000162828025045293/0001628280-25-045293-index.htm,2026-07-11 22:38,330.3 [yf],1.048e+08 [yf],16.75 [yf],3.72e+10 [yf],330.3 [yf],2.583e+09 [yf],3.359e+10 [yf],1.212e+09 [yf],2.397e+09 [yf],-4.68e+08 [yf],6.74e+08 [yf],2.6e+07 [yf],1.436e+09 [yf],AI赋能型,AI_ENABLED,0.19,2.25,AI收入/利润暴露均值,58.44,9.82
APP,AppLovin,SaaS,94.17,100.0,89.09,87.33,78.72,61.78,14.09,55.97,🧾 数据待复核,YES,0.207 [yf],25.32 [yf],23.39 [yf],2.1% [yf],59.0% [yf],113.1% [yf],28.0% [mk],88.4% [yf],51.6% [yf],266.4% [yf],1.5 [mk],1.3 [mk],58 [yf],-5.7% [yf],2.483 [yf],-50.0% [yf],18.0,,PASS,1.0,False,False,review_low,1.69,live_data_drift,57.37,0.0,57.37,0.0,Unknown,False,53.4,True,"[DIM-DELTA] ai_exposure: CSV=81.10 vs recalc=76.33 (Δ=+4.77) | [LIVE-DRIFT-OK] final diff=1.69 within live-data tolerance, not a formula error",https://finance.yahoo.com/quote/APP,https://financialmodelingprep.com/financial-summary/APP,https://www.sec.gov/cgi-bin/browse-edgar?action=getcompany&CIK=0001751008&type=10-K,https://www.sec.gov/Archives/edgar/data/1751008/000175100826000010/0001751008-26-000010-index.htm,2026-07-11 22:38,507 [yf],3.057e+08 [yf],21.67 [yf],1.714e+11 [yf],507 [yf],1.091e+09 [yf],6.164e+09 [yf],3.18e+09 [yf],4.872e+09 [yf],-2.832e+07 [yf],1.948e+08 [yf],2.265e+08 [yf],4.152e+09 [yf],AI核心型,AI_CORE,0.625,0.0,AI收入/利润暴露均值,88.71,87.33
AMAT,Applied Materials,Hardware,56.05,46.98,63.9,50.0,47.35,93.44,5.92,55.7,👀 综合中性,,1.08 [yf],16.45 [yf],36.17 [yf],0.6% [yf],11.4% [yf],33.5% [yf],12.0% [mk],49.0% [yf],10.5% [yf],39.7% [yf],0.3 [mk],n/a [--],48.6 [yf],72.8% [yf],1.567 [yf],-23.3% [yf],18.0,,PASS,0.9,False,False,minor_diff,0.48,live_data_drift,39.47,0.0,39.47,1.0,Hardware,True,77.9,True,[CROSS-SRC] gross_margin: CSV=0.49 vs SEC=0.945 (diff=0.455) | [DIM-DELTA] valuation: CSV=43.50 vs recalc=54.44 (Δ=-10.94),https://finance.yahoo.com/quote/AMAT,https://financialmodelingprep.com/financial-summary/AMAT,https://www.sec.gov/cgi-bin/browse-edgar?action=getcompany&CIK=0000006951&type=10-K,https://www.sec.gov/Archives/edgar/data/6951/000162828025056742/0001628280-25-056742-index.htm,2026-07-11 22:38,602.5 [yf],7.94e+08 [yf],16.66 [yf],4.774e+11 [yf],602.5 [yf],-9.73e+08 [yf],2.902e+10 [yf],3.04e+09 [yf],9.275e+09 [yf],-2.26e+09 [yf],4.35e+08 [yf],3.57e+09 [yf],8.47e+09 [yf],AI赋能型,AI_ENABLED,0.565,5.0,AI收入/利润暴露均值,56.62,57.34
NOW,ServiceNow Inc.,SaaS,72.19,60.59,78.79,61.8,58.23,34.07,7.78,55.21,👀 综合中性,,9.319 [yf],7.76 [yf],21.43 [yf],4.6% [yf],22.1% [yf],2.3% [yf],20.0% [mk],76.6% [yf],36.6% [yf],16.1% [yf],0.3 [mk],1.25 [mk],66.2 [yf],-17.7% [yf],0.959 [yf],-58.3% [yf],18.0,,PASS,0.9,False,False,review_medium,4.03,live_data_drift,54.23,0.0,54.23,1.0,SaaS,True,45.3,True,"[CROSS-SRC] gross_margin: CSV=0.766 vs SEC=0.0533 (diff=0.713) | [DIM-DELTA] ai_exposure: CSV=67.50 vs recalc=61.80 (Δ=+5.70) | [LIVE-DRIFT-OK] final diff=4.03 within live-data tolerance, not a formula error",https://finance.yahoo.com/quote/NOW,https://financialmodelingprep.com/financial-summary/NOW,https://www.sec.gov/cgi-bin/browse-edgar?action=getcompany&CIK=0001373715&type=10-K,https://www.sec.gov/Archives/edgar/data/1373715/000137371526000007/0001373715-26-000007-index.htm,2026-07-11 22:38,107.7 [yf],1.031e+09 [yf],5.025 [yf],1.083e+11 [yf],107.7 [yf],-2.751e+09 [yf],1.396e+10 [yf],5.108e+09 [yf],2.888e+09 [yf],-9.11e+08 [yf],7.38e+08 [yf],2.96e+09 [yf],1.824e+09 [yf],AI核心型,AI_CORE,0.535,0.0,AI收入/利润暴露均值,62.99,61.8
GEV,GE Vernova,Hardware,44.74,65.36,44.33,50.0,57.48,93.32,8.46,53.56,👀 综合中性,,1.88 [yf],7.15 [yf],60 [yf],3.2% [yf],16.3% [yf],1816.5% [yf],n/a [--],20.3% [yf],23.7% [yf],,n/a [--],n/a [--],48.3 [yf],35.5% [yf],0.935 [yf],-24.6% [yf],,,,,,,,,,,,,,,,,False,,,,,,2026-07-11 22:38,1092 [yf],2.687e+08 [yf],24.6 [yf],2.885e+11 [yf],1092 [yf],-6.017e+09 [yf],3.937e+10 [yf],9.316e+09 [yf],3.415e+09 [yf],-1.277e+09 [yf],8.53e+08 [yf],1.197e+09 [yf],1.389e+09 [yf],AI赋能型,AI_ENABLED,0.5,5.0,AI收入/利润暴露均值,57.02,37.08
ROK,Rockwell Automation,Hardware,72.92,46.52,50.02,50.0,40.75,93.76,5.93,53.49,👀 综合中性,,0.816 [yf],6.38 [yf],32.3 [yf],1.9% [yf],11.9% [yf],39.6% [yf],8.0% [mk],48.9% [yf],11.1% [yf],27.2% [yf],0.7 [mk],n/a [--],49.4 [yf],17.9% [yf],1.54 [yf],-18.7% [yf],18.0,,PASS,1.0,False,False,review_low,0.81,live_data_drift,28.39,0.0,28.39,0.0,Unknown,False,93.5,False,"[DIM-DELTA] valuation: CSV=56.90 vs recalc=58.98 (Δ=-2.08) | [LIVE-DRIFT-OK] final diff=0.81 within live-data tolerance, not a formula error",https://finance.yahoo.com/quote/ROK,https://financialmodelingprep.com/financial-summary/ROK,https://www.sec.gov/cgi-bin/browse-edgar?action=getcompany&CIK=0001024478&type=10-K,https://www.sec.gov/Archives/edgar/data/1024478/000102447825000116/0001024478-25-000116-index.htm,2026-07-11 22:38,472.1 [yf],1.113e+08 [yf],14.62 [yf],5.622e+10 [yf],472.1 [yf],3.631e+09 [yf],8.804e+09 [yf],9.745e+08 [yf],1.969e+09 [yf],-1.86e+08 [yf],3.25e+08 [yf],6.79e+08 [yf],1.423e+09 [yf],AI赋能型,AI_ENABLED,0.19,2.25,AI收入/利润暴露均值,57.17,5.77
EXLS,ExlService Holdings,Hardware,91.25,43.45,51.83,50.0,47.35,38.12,5.49,53.31,👀 综合中性,,1.449 [yf],2.06 [yf],10.87 [yf],7.1% [yf],13.8% [yf],7.5% [yf],12.0% [mk],38.5% [yf],13.7% [yf],28.1% [yf],0.05 [mk],n/a [--],60.3 [yf],-22.0% [yf],0.84 [yf],-43.9% [yf],18.0,,PASS,1.0,False,False,review_low,1.95,live_data_drift,30.11,0.0,30.11,0.0,Unknown,False,44.2,False,"[DIM-DELTA] valuation: CSV=94.20 vs recalc=90.06 (Δ=+4.14) | [LIVE-DRIFT-OK] final diff=1.95 within live-data tolerance, not a formula error",https://finance.yahoo.com/quote/EXLS,https://financialmodelingprep.com/financial-summary/EXLS,https://www.sec.gov/cgi-bin/browse-edgar?action=getcompany&CIK=0001297989&type=10-K,https://www.sec.gov/Archives/edgar/data/1297989/000129798926000008/0001297989-26-000008-index.htm,2026-07-11 22:38,27.3 [yf],1.528e+08 [yf],2.512 [yf],4.438e+09 [yf],27.3 [yf],2.669e+08 [yf],2.157e+09 [yf],2.952e+08 [yf],3.731e+08 [yf],-5.26e+07 [yf],8.389e+07 [yf],n/a [--],3.138e+08 [yf],AI赋能型,AI_ENABLED,0.235,3.37,AI收入/利润暴露均值,55.43,18.75
SMCI,Super Micro Computer,Hardware,87.08,89.0,32.37,73.49,41.27,33.78,13.6,53.12,👀 综合中性,,0.027 [yf],0.78 [yf],8.93 [yf],-40.7% [yf],122.7% [yf],326.0% [yf],28.0% [mk],8.4% [yf],-22.1% [yf],17.9% [yf],0.55 [mk],n/a [--],43.6 [yf],-18.1% [yf],1.936 [yf],-66.2% [yf],17.0,fcf_yield,PASS,0.9,False,False,minor_diff,0.11,rounding_difference,60.18,0.0,60.18,1.0,Hardware,True,56.2,True,[CROSS-SRC] gross_margin: CSV=0.084 vs SEC=0.978 (diff=0.894),https://finance.yahoo.com/quote/SMCI,https://financialmodelingprep.com/financial-summary/SMCI,https://www.sec.gov/cgi-bin/browse-edgar?action=getcompany&CIK=0001375365&type=10-K,https://www.sec.gov/Archives/edgar/data/1375365/000137536525000027/0001375365-25-000027-index.htm,2026-07-11 22:38,28.31 [yf],6.469e+08 [yf],3.172 [yf],2.487e+10 [yf],28.31 [yf],7.846e+09 [yf],3.37e+10 [yf],-7.448e+09 [yf],1.579e+09 [yf],-1.272e+08 [yf],5.834e+07 [yf],6.366e+08 [yf],1.253e+09 [yf],AI核心型,AI_CORE,0.71,0.0,AI收入/利润暴露均值,66.72,73.49
ISRG,Intuitive Surgical,Hardware,59.49,52.16,73.12,50.0,53.44,39.76,7.31,52.92,👀 综合中性,,1.836 [yf],13.19 [yf],34.51 [yf],1.6% [yf],23.0% [yf],18.8% [yf],16.0% [mk],66.3% [yf],21.3% [yf],17.2% [yf],0.0 [mk],n/a [--],50 [yf],-16.6% [yf],1.46 [yf],-32.9% [yf],18.0,,PASS,1.0,False,False,review_medium,2.06,live_data_drift,29.19,0.0,29.19,0.0,Unknown,False,48.8,False,"[DIM-DELTA] valuation: CSV=47.10 vs recalc=40.95 (Δ=+6.15) | [LIVE-DRIFT-OK] final diff=2.06 within live-data tolerance, not a formula error",https://finance.yahoo.com/quote/ISRG,https://financialmodelingprep.com/financial-summary/ISRG,https://www.sec.gov/cgi-bin/browse-edgar?action=getcompany&CIK=0001035267&type=10-K,https://www.sec.gov/Archives/edgar/data/1035267/000103526726000010/0001035267-26-000010-index.htm,2026-07-11 22:38,406.8 [yf],3.542e+08 [yf],11.79 [yf],1.397e+11 [yf],406.8 [yf],-4.517e+09 [yf],1.058e+10 [yf],2.254e+09 [yf],3.886e+09 [yf],-5.398e+08 [yf],6.771e+08 [yf],1.312e+09 [yf],2.946e+09 [yf],AI赋能型,AI_ENABLED,0.365,5.0,AI收入/利润暴露均值,55.23,17.3
KLAC,KLA Corporation,Hardware,32.39,43.11,81.85,50.0,48.93,90.52,5.79,52.69,👀 综合中性,,3.85 [yf],23.18 [yf],45.43 [yf],1.0% [yf],11.5% [yf],11.8% [yf],12.0% [mk],61.4% [yf],22.1% [yf],95.0% [yf],0.6 [mk],n/a [--],43.6 [yf],49.6% [yf],1.407 [yf],-28.2% [yf],18.0,,PASS,1.0,False,False,review_low,0.58,live_data_drift,40.52,0.0,40.52,0.0,Unknown,False,97.6,False,"[DIM-DELTA] valuation: CSV=23.50 vs recalc=35.91 (Δ=-12.41) | [LIVE-DRIFT-OK] final diff=0.58 within live-data tolerance, not a formula error",https://finance.yahoo.com/quote/KLAC,https://financialmodelingprep.com/financial-summary/KLAC,https://www.sec.gov/cgi-bin/browse-edgar?action=getcompany&CIK=0000319201&type=10-K,https://www.sec.gov/Archives/edgar/data/319201/000031920125000024/0000319201-25-000024-index.htm,2026-07-11 22:38,231.5 [yf],1.306e+09 [yf],5.096 [yf],3.036e+11 [yf],231.5 [yf],1.187e+09 [yf],1.31e+10 [yf],2.89e+09 [yf],5.85e+09 [yf],-3.402e+08 [yf],3.941e+08 [yf],1.36e+09 [yf],5.014e+09 [yf],AI赋能型,AI_ENABLED,0.535,5.0,AI收入/利润暴露均值,53.48,53.5
LITE,Lumentum Holdings,Hardware,53.44,85.67,33.23,43.24,54.94,92.08,7.88,52.56,👀 综合中性,,0.735 [yf],25.13 [yf],44.12 [yf],0.1% [yf],90.1% [yf],60.0% [yf],14.0% [mk],40.8% [yf],3.8% [yf],22.8% [yf],0.55 [mk],n/a [--],45.2 [yf],43.9% [yf],1.482 [yf],-33.6% [yf],17.0,,PASS,0.9,False,False,review_low,1.38,live_data_drift,44.96,0.0,44.96,1.0,Hardware,True,92.1,True,"[CROSS-SRC] gross_margin: CSV=0.408 vs SEC=1.14 (diff=0.729) | [DIM-DELTA] valuation: CSV=33.20 vs recalc=50.94 (Δ=-17.74) | [LIVE-DRIFT-OK] final diff=1.38 within live-data tolerance, not a formula error",https://finance.yahoo.com/quote/LITE,https://financialmodelingprep.com/financial-summary/LITE,https://www.sec.gov/cgi-bin/browse-edgar?action=getcompany&CIK=0001633978&type=10-K,https://www.sec.gov/Archives/edgar/data/1633978/000162828025040830/0001628280-25-040830-index.htm,2026-07-11 22:38,802 [yf],7.78e+07 [yf],18.18 [yf],5.765e+10 [yf],802 [yf],1.414e+08 [yf],2.488e+09 [yf],9.335e+07 [yf],5.088e+08 [yf],-2.31e+08 [yf],2.567e+08 [yf],3.039e+08 [yf],-1.922e+08 [yf],AI核心型,AI_CORE,0.49,0.0,AI收入/利润暴露均值,60.44,43.24
ADBE,Adobe,SaaS,99.88,49.83,91.76,46.97,45.06,2.0,7.79,52.51,👀 综合中性,,1.028 [yf],3.59 [yf],8.12 [yf],10.4% [yf],12.7% [yf],7.9% [yf],10.0% [mk],89.4% [yf],36.6% [yf],58.8% [yf],0.3 [mk],1.1 [mk],82.1 [yf],-21.6% [yf],1.433 [yf],-48.1% [yf],18.0,,PASS,1.0,False,False,review_low,1.94,live_data_drift,44.33,0.0,44.33,1.0,SaaS,False,28.9,False,"[DIM-DELTA] valuation: CSV=97.90 vs recalc=97.18 (Δ=+0.72) | [DIM-DELTA] ai_exposure: CSV=37.30 vs recalc=36.17 (Δ=+1.13) | [LIVE-DRIFT-OK] final diff=1.94 within live-data tolerance, not a formula error",https://finance.yahoo.com/quote/ADBE,https://financialmodelingprep.com/financial-summary/ADBE,https://www.sec.gov/cgi-bin/browse-edgar?action=getcompany&CIK=0000796343&type=10-K,https://www.sec.gov/Archives/edgar/data/796343/000079634326000003/0000796343-26-000003-index.htm,2026-07-11 22:38,223.6 [yf],3.975e+08 [yf],27.53 [yf],9.035e+10 [yf],223.6 [yf],1.451e+09 [yf],2.52e+10 [yf],9.218e+09 [yf],9.729e+09 [yf],-1.79e+08 [yf],8.18e+08 [yf],4.294e+09 [yf],8.706e+09 [yf],AI核心型,AI_CORE,0.31,0.0,AI收入/利润暴露均值,60.3,46.97
TXN,Texas Instruments,Hardware,65.62,46.4,57.51,50.0,46.85,92.24,5.7,52.44,👀 综合中性,,1.039 [yf],15.86 [yf],32.53 [yf],0.4% [yf],18.6% [yf],31.3% [yf],8.0% [mk],57.3% [yf],5.8% [yf],32.3% [yf],0.85 [mk],n/a [--],45.6 [yf],43.5% [yf],1.31 [yf],-29.6% [yf],18.0,,PASS,1.0,False,False,review_low,0.77,live_data_drift,26.55,0.0,26.55,1.0,Hardware,False,94.0,False,"[DIM-DELTA] valuation: CSV=43.60 vs recalc=47.44 (Δ=-3.84) | [LIVE-DRIFT-OK] final diff=0.77 within live-data tolerance, not a formula error",https://finance.yahoo.com/quote/TXN,https://financialmodelingprep.com/financial-summary/TXN,https://www.sec.gov/cgi-bin/browse-edgar?action=getcompany&CIK=0000097476&type=10-K,https://www.sec.gov/Archives/edgar/data/97476/000009747626000059/0000097476-26-000059-index.htm,2026-07-11 22:38,311.5 [yf],9.101e+08 [yf],9.573 [yf],2.924e+11 [yf],311.5 [yf],8.947e+09 [yf],1.844e+10 [yf],1.068e+09 [yf],8.665e+09 [yf],-4.55e+09 [yf],1.999e+09 [yf],2.083e+09 [yf],6.14e+09 [yf],AI赋能型,AI_ENABLED,0.135,0.88,AI收入/利润暴露均值,57.26,2.21
SNOW,Snowflake Inc.,SaaS,58.87,87.74,47.78,54.6,42.18,80.96,11.68,52.43,👀 综合中性,,1.545 [yf],17.97 [yf],97.31 [yf],1.9% [yf],33.5% [yf],63.0% [yf],31.0% [mk],67.1% [yf],34.6% [yf],-54.9% [yf],1.18 [mk],1.26 [mk],71.9 [yf],26.0% [yf],1.353 [yf],-56.3% [yf],16.0,ev_ebitda(raw=-73.64),PASS,1.0,False,False,review_low,1.53,rounding_difference,52.27,0.0,52.27,1.0,SaaS,False,85.0,False,,https://finance.yahoo.com/quote/SNOW,https://financialmodelingprep.com/financial-summary/SNOW,https://www.sec.gov/cgi-bin/browse-edgar?action=getcompany&CIK=0001640147&type=10-K,https://www.sec.gov/Archives/edgar/data/1640147/000164014726000008/0001640147-26-000008-index.htm,2026-07-11 22:38,261.4 [yf],3.466e+08 [yf],2.687 [yf],9.044e+10 [yf],261.4 [yf],-1.829e+08 [yf],5.033e+09 [yf],1.739e+09 [yf],-1.127e+09 [yf],-1.047e+08 [yf],2.204e+08 [yf],1.969e+09 [yf],-1.435e+09 [yf],AI核心型,AI_CORE,0.39,0.0,AI收入/利润暴露均值,64.11,54.6
QCOM,Qualcomm,Hardware,94.66,52.81,75.14,14.09,53.44,72.08,6.66,52.12,👀 综合中性,,0.099 [yf],4.6 [yf],17.19 [yf],4.8% [yf],-3.5% [yf],173.0% [yf],10.0% [mk],54.8% [yf],21.6% [yf],36.1% [yf],0.55 [mk],n/a [--],29.2 [yf],12.9% [yf],1.638 [yf],-33.1% [yf],18.0,,PASS,1.0,False,False,review_medium,2.57,live_data_drift,42.77,0.0,42.77,0.0,Unknown,False,91.4,False,"[DIM-DELTA] valuation: CSV=85.90 vs recalc=86.77 (Δ=-0.87) | [LIVE-DRIFT-OK] final diff=2.57 within live-data tolerance, not a formula error",https://finance.yahoo.com/quote/QCOM,https://financialmodelingprep.com/financial-summary/QCOM,https://www.sec.gov/cgi-bin/browse-edgar?action=getcompany&CIK=0000804328&type=10-K,https://www.sec.gov/Archives/edgar/data/804328/000080432825000085/0000804328-25-000085-index.htm,2026-07-11 22:38,189.2 [yf],1.054e+09 [yf],11.01 [yf],2.048e+11 [yf],189.2 [yf],5.471e+09 [yf],4.449e+10 [yf],9.59e+09 [yf],1.3e+10 [yf],-1.192e+09 [yf],1.602e+09 [yf],9.042e+09 [yf],1.239e+10 [yf],AI核心型,AI_CORE,0.31,0.0,AI收入/利润暴露均值,58.78,14.09
DELL,Dell Technologies,Hardware,93.02,87.0,34.53,50.0,54.94,96.56,5.38,52.07,🧾 数据待复核,YES,0.072 [yf],1.21 [yf],20.23 [yf],3.8% [yf],87.5% [yf],282.5% [yf],10.0% [mk],19.2% [yf],4.1% [yf],35.0% [mk],2.5 [mk],n/a [--],56.4 [yf],124.7% [yf],1.376 [yf],-32.3% [yf],17.0,,PASS,1.0,False,False,review_low,1.75,live_data_drift,34.68,0.0,34.68,1.0,Hardware,False,99.4,False,"[DIM-DELTA] valuation: CSV=84.80 vs recalc=87.62 (Δ=-2.82) | [LIVE-DRIFT-OK] final diff=1.75 within live-data tolerance, not a formula error",https://finance.yahoo.com/quote/DELL,https://financialmodelingprep.com/financial-summary/DELL,https://www.sec.gov/cgi-bin/browse-edgar?action=getcompany&CIK=0001571996&type=10-K,https://www.sec.gov/Archives/edgar/data/1571996/000157199626000008/0001571996-26-000008-index.htm,2026-07-11 22:38,435 [yf],3.25e+08 [yf],21.5 [yf],3.023e+11 [yf],435 [yf],2.034e+10 [yf],1.34e+11 [yf],5.434e+09 [yf],1.407e+10 [yf],-2.633e+09 [yf],3.029e+09 [yf],3.142e+09 [yf],8.446e+09 [yf],AI赋能型,AI_ENABLED,0.265,4.12,AI收入/利润暴露均值,70.68,21.03
PSTG,Pure Storage,Hardware,64.27,52.4,72.47,56.68,53.44,50.0,6.71,51.79,👀 综合中性,,1.8 [yf],5.5 [yf],35 [yf],2.5% [yf],18.0% [yf],30.0% [yf],16.0% [mk],71.0% [yf],20.0% [yf],13.7% [yf],0.15 [mk],1.17 [mk],36.4 [yf],-4.7% [yf],1.25 [yf],32.0% [yf],16.0,,PASS,1.0,False,False,minor_diff,0.49,live_data_drift,42.76,0.0,42.76,0.0,Unknown,False,57.9,False,[DIM-DELTA] valuation: CSV=56.20 vs recalc=67.40 (Δ=-11.20) | [DIM-DELTA] momentum: CSV=38.50 vs recalc=48.81 (Δ=-10.31),https://finance.yahoo.com/quote/PSTG,https://financialmodelingprep.com/financial-summary/PSTG,https://www.sec.gov/cgi-bin/browse-edgar?action=getcompany&CIK=0001474432&type=10-K,https://www.sec.gov/Archives/edgar/data/1474432/000147443226000027/0001474432-26-000027-index.htm,2026-07-11 22:38,62 [yf],n/a [--],n/a [--],n/a [--],n/a [--],0 [yf],n/a [--],n/a [--],n/a [--],n/a [--],n/a [--],n/a [--],n/a [--],AI核心型,AI_CORE,0.365,0.0,AI收入/利润暴露均值,58.5,56.68
ACN,Accenture,Hardware,95.63,37.35,50.14,50.0,45.06,37.6,6.35,50.65,👀 综合中性,,1.024 [yf],1.11 [yf],9.22 [yf],14.6% [yf],5.6% [yf],9.0% [yf],7.0% [mk],32.0% [yf],16.5% [yf],24.8% [yf],0.05 [mk],n/a [--],59 [yf],-36.9% [yf],1.122 [yf],-56.5% [yf],18.0,,PASS,1.0,False,False,review_medium,2.57,live_data_drift,26.82,0.0,26.82,0.0,Unknown,False,36.1,False,"[DIM-DELTA] valuation: CSV=92.80 vs recalc=88.37 (Δ=+4.43) | [LIVE-DRIFT-OK] final diff=2.57 within live-data tolerance, not a formula error",https://finance.yahoo.com/quote/ACN,https://financialmodelingprep.com/financial-summary/ACN,https://www.sec.gov/cgi-bin/browse-edgar?action=getcompany&CIK=0001467373&type=10-K,https://www.sec.gov/Archives/edgar/data/1467373/000146737325000217/0001467373-25-000217-index.htm,2026-07-11 22:38,135.2 [yf],6.119e+08 [yf],14.67 [yf],8.259e+10 [yf],135.2 [yf],-1.783e+09 [yf],7.31e+10 [yf],1.209e+10 [yf],1.294e+10 [yf],-6e+08 [yf],1.368e+09 [yf],n/a [--],1.084e+10 [yf],AI赋能型,AI_ENABLED,0.21,2.75,AI收入/利润暴露均值,54.25,15.0
AMD,Advanced Micro Devices,Hardware,57.0,76.21,53.29,35.89,53.94,95.36,10.04,50.51,👀 综合中性,,0.461 [yf],24.06 [yf],42.01 [yf],0.8% [yf],37.8% [yf],91.2% [yf],20.0% [mk],53.1% [yf],19.1% [yf],8.1% [yf],0.05 [mk],n/a [--],53.4 [yf],93.9% [yf],2.469 [yf],-27.8% [yf],18.0,,PASS,1.0,False,False,review_low,0.58,live_data_drift,48.65,0.0,48.65,1.0,Hardware,False,95.9,False,"[DIM-DELTA] valuation: CSV=43.60 vs recalc=55.56 (Δ=-11.96) | [LIVE-DRIFT-OK] final diff=0.58 within live-data tolerance, not a formula error",https://finance.yahoo.com/quote/AMD,https://financialmodelingprep.com/financial-summary/AMD,https://www.sec.gov/cgi-bin/browse-edgar?action=getcompany&CIK=0000002488&type=10-K,https://www.sec.gov/Archives/edgar/data/2488/000000248826000018/0000002488-26-000018-index.htm,2026-07-11 22:38,557.9 [yf],1.631e+09 [yf],13.28 [yf],9.012e+11 [yf],557.9 [yf],-8.476e+09 [yf],3.745e+10 [yf],7.173e+09 [yf],7.43e+09 [yf],-9.74e+08 [yf],3.004e+09 [yf],8.091e+09 [yf],3.694e+09 [yf],AI核心型,AI_CORE,0.41,0.0,AI收入/利润暴露均值,60.55,35.89
AVGO,Broadcom Inc.,Hardware,72.02,82.84,81.82,62.55,59.88,84.98,7.06,50.49,🧾 数据待复核,YES,0.241 [yf],25.82 [yf],20.62 [yf],1.4% [yf],47.9% [yf],85.4% [yf],28.0% [mk],76.3% [yf],36.1% [yf],37.3% [yf],4.01 [mk],n/a [--],45.8 [yf],10.7% [yf],1.462 [yf],-28.7% [yf],18.0,,PASS,0.9,False,False,review_low,1.27,rounding_difference,43.05,0.0,43.05,1.0,Hardware,True,74.3,True,[CROSS-SRC] gross_margin: CSV=0.763 vs SEC=0.0208 (diff=0.742),https://finance.yahoo.com/quote/AVGO,https://financialmodelingprep.com/financial-summary/AVGO,https://www.sec.gov/cgi-bin/browse-edgar?action=getcompany&CIK=0001730168&type=10-K,https://www.sec.gov/Archives/edgar/data/1730168/000173016825000121/0001730168-25-000121-index.htm,2026-07-11 22:38,400 [yf],4.758e+09 [yf],19.4 [yf],1.948e+12 [yf],400 [yf],4.528e+10 [yf],7.546e+10 [yf],2.721e+10 [yf],4.208e+10 [yf],-6.23e+08 [yf],8.775e+09 [yf],1.098e+10 [yf],2.608e+10 [yf],AI核心型,AI_CORE,0.625,0.0,AI收入/利润暴露均值,74.38,62.55
ONTO,Onto Innovation Inc.,Hardware,55.23,37.41,53.94,50.0,57.73,93.16,8.27,50.31,👀 综合中性,,1.36 [yf],14.88 [yf],32.32 [yf],1.2% [yf],9.5% [yf],-48.5% [yf],18.0% [mk],54.2% [yf],19.1% [yf],5.3% [yf],0.1 [mk],n/a [--],47.9 [yf],52.8% [yf],1.545 [yf],-26.0% [yf],18.0,,PASS,1.0,False,False,review_medium,2.19,rounding_difference,41.6,0.0,41.6,0.0,Unknown,False,98.6,False,,https://finance.yahoo.com/quote/ONTO,https://financialmodelingprep.com/financial-summary/ONTO,https://www.sec.gov/cgi-bin/browse-edgar?action=getcompany&CIK=0000704532&type=10-K,https://www.sec.gov/Archives/edgar/data/704532/000119312526066937/0001193125-26-066937-index.htm,2026-07-11 22:38,321.4 [yf],4.974e+07 [yf],9.945 [yf],1.534e+10 [yf],321.4 [yf],-6.542e+08 [yf],1.031e+09 [yf],1.972e+08 [yf],2.669e+08 [yf],-2.851e+07 [yf],6.044e+07 [yf],1.32e+08 [yf],1.514e+08 [yf],AI赋能型,AI_ENABLED,0.565,5.0,AI收入/利润暴露均值,53.58,61.21
FN,Fabrinet,Hardware,72.63,68.12,38.6,50.86,53.44,36.28,6.46,50.03,👀 综合中性,,0.512 [yf],3.76 [yf],27.28 [yf],-0.5% [yf],39.3% [yf],53.3% [yf],16.0% [mk],12.0% [yf],-1.9% [yf],20.0% [yf],0.0 [mk],n/a [--],32.6 [yf],-9.8% [yf],1.198 [yf],-37.2% [yf],16.0,fcf_yield,PASS,1.0,False,False,review_low,1.05,live_data_drift,43.71,0.0,43.71,0.0,Unknown,False,78.3,False,"[DIM-DELTA] valuation: CSV=61.00 vs recalc=69.60 (Δ=-8.60) | [LIVE-DRIFT-OK] final diff=1.05 within live-data tolerance, not a formula error",https://finance.yahoo.com/quote/FN,https://financialmodelingprep.com/financial-summary/FN,https://www.sec.gov/cgi-bin/browse-edgar?action=getcompany&CIK=0001408710&type=10-K,https://www.sec.gov/Archives/edgar/data/1408710/000140871025000039/0001408710-25-000039-index.htm,2026-07-11 22:38,471.1 [yf],3.583e+07 [yf],17.27 [yf],1.594e+10 [yf],471.1 [yf],-9.408e+08 [yf],4.235e+09 [yf],-7.918e+07 [yf],4.797e+08 [yf],-1.218e+08 [yf],5.343e+07 [yf],n/a [--],3.259e+08 [yf],AI核心型,AI_CORE,0.565,0.0,AI收入/利润暴露均值,56.49,50.86
COHR,Coherent Corp,Hardware,60.14,78.73,22.32,50.24,56.94,83.36,9.76,49.38,⚠️ 谨慎评估,,0.263 [yf],9.77 [yf],39.46 [yf],-0.3% [yf],20.5% [yf],150.0% [yf],18.0% [mk],37.0% [yf],-3.0% [yf],4.7% [yf],0.65 [mk],n/a [--],36.9 [yf],34.0% [yf],2.037 [yf],-26.5% [yf],16.0,fcf_yield,PASS,1.0,False,False,review_low,1.35,live_data_drift,48.25,0.0,48.25,0.0,Unknown,False,92.0,False,"[DIM-DELTA] valuation: CSV=49.20 vs recalc=65.12 (Δ=-15.92) | [LIVE-DRIFT-OK] final diff=1.35 within live-data tolerance, not a formula error",https://finance.yahoo.com/quote/COHR,https://financialmodelingprep.com/financial-summary/COHR,https://www.sec.gov/cgi-bin/browse-edgar?action=getcompany&CIK=0000820318&type=10-K,https://www.sec.gov/Archives/edgar/data/820318/000082031825000014/0000820318-25-000014-index.htm,2026-07-11 22:38,324.5 [yf],1.956e+08 [yf],8.224 [yf],6.483e+10 [yf],324.5 [yf],1.001e+09 [yf],6.602e+09 [yf],-1.976e+08 [yf],1.314e+09 [yf],-4.408e+08 [yf],5.536e+08 [yf],5.819e+08 [yf],5.349e+08 [yf],AI核心型,AI_CORE,0.51,0.0,AI收入/利润暴露均值,59.14,50.24
GE,GE Aerospace,Hardware,42.85,49.78,50.77,50.0,54.94,94.72,5.15,49.33,⚠️ 谨慎评估,,8.57 [yf],7.98 [yf],41.29 [yf],1.5% [yf],24.7% [yf],-1.8% [yf],10.0% [mk],31.1% [yf],11.7% [yf],45.4% [yf],0.5 [mk],n/a [--],51.8 [yf],15.8% [yf],1.348 [yf],-20.8% [yf],18.0,,PASS,1.0,False,False,minor_diff,0.21,live_data_drift,25.53,0.0,25.53,0.0,Unknown,False,88.2,False,[DIM-DELTA] valuation: CSV=38.50 vs recalc=42.51 (Δ=-4.01),https://finance.yahoo.com/quote/GE,https://financialmodelingprep.com/financial-summary/GE,https://www.sec.gov/cgi-bin/browse-edgar?action=getcompany&CIK=0000040545&type=10-K,https://www.sec.gov/Archives/edgar/data/40545/000004054526000008/0000040545-26-000008-index.htm,2026-07-11 22:38,359.3 [yf],1.043e+09 [yf],8.701 [yf],3.858e+11 [yf],359.3 [yf],1.074e+10 [yf],4.831e+10 [yf],5.668e+09 [yf],1.104e+10 [yf],-1.273e+09 [yf],1.22e+09 [yf],1.58e+09 [yf],8.68e+09 [yf],AI赋能型,AI_ENABLED,0.135,0.88,AI收入/利润暴露均值,53.6,2.88
LUNR,Intuitive Machines,Hardware,75.0,100.0,21.55,50.0,51.94,21.57,17.23,48.1,⚠️ 谨慎评估,,n/a [--],8.42 [yf],-322.8 [yf],-1.2% [yf],198.7% [yf],n/a [--],40.0% [mk],9.7% [yf],-9.6% [yf],-30.3% [yf],0.6 [mk],n/a [--],22.2 [yf],-14.9% [yf],1.783 [yf],-64.7% [yf],13.0,ev_ebitda(raw=-68.78); forward_pe(raw=-255.3); fcf_yield,PASS,1.0,False,False,minor_diff,0.01,rounding_difference,55.08,0.0,55.08,0.0,Unknown,False,91.3,False,,https://finance.yahoo.com/quote/LUNR,https://financialmodelingprep.com/financial-summary/LUNR,https://www.sec.gov/cgi-bin/browse-edgar?action=getcompany&CIK=0001844452&type=10-K,https://www.sec.gov/Archives/edgar/data/1844452/000162828026019865/0001628280-26-019865-index.htm,2026-07-11 22:38,16.14 [yf],1.605e+08 [yf],-0.05 [yf],3.879e+09 [yf],16.14 [yf],2.235e+08 [yf],3.343e+08 [yf],-3.212e+07 [yf],-8.064e+07 [yf],-4.17e+07 [yf],3.597e+06 [yf],n/a [--],-8.723e+07 [yf],AI赋能型,AI_ENABLED,0.29,4.75,AI收入/利润暴露均值,60.58,17.24
U,Unity Software,Hardware,64.69,57.71,68.6,50.0,45.06,50.01,13.84,48.07,⚠️ 谨慎评估,,n/a [--],7.11 [yf],23.59 [yf],4.5% [yf],16.8% [yf],n/a [--],8.0% [mk],74.7% [yf],31.2% [yf],-20.1% [yf],0.8 [mk],n/a [--],71.2 [yf],-3.7% [yf],2.048 [yf],-65.4% [yf],16.0,,PASS,1.0,True,False,review_medium,4.12,live_data_drift,40.38,0.0,40.38,1.0,SaaS,False,49.9,True,"Sector conflict: CSV=Hardware | Suggested=SaaS (conf=100%) | FMP=/ | Finnhub= | SIC=7372 | [DIM-DELTA] valuation: CSV=57.10 vs recalc=77.82 (Δ=-20.72) | [LIVE-DRIFT-OK] final diff=4.12 within live-data tolerance, not a formula error",https://finance.yahoo.com/quote/U,https://financialmodelingprep.com/financial-summary/U,https://www.sec.gov/cgi-bin/browse-edgar?action=getcompany&CIK=0001810806&type=10-K,https://www.sec.gov/Archives/edgar/data/1810806/000181080626000011/0001810806-26-000011-index.htm,2026-07-11 22:38,30.89 [yf],4.365e+08 [yf],1.31 [yf],1.393e+10 [yf],30.89 [yf],1.787e+08 [yf],1.923e+09 [yf],6.004e+08 [yf],7.112e+07 [yf],-2.202e+07 [yf],4.609e+08 [yf],9.295e+08 [yf],-4.791e+08 [yf],AI赋能型,AI_ENABLED,0.29,4.75,AI收入/利润暴露均值,57.16,25.0
MCHP,Microchip Technology,Hardware,74.8,44.63,48.29,50.0,28.87,83.04,7.59,47.21,⚠️ 谨慎评估,,0.32 [yf],11.35 [yf],21.45 [yf],2.4% [yf],35.1% [yf],-15.0% [yf],8.0% [mk],57.7% [yf],24.2% [yf],3.4% [yf],1.2 [mk],n/a [--],36.6 [yf],20.2% [yf],1.727 [yf],-34.4% [yf],17.0,,PASS,1.0,False,False,review_low,0.79,live_data_drift,28.81,0.0,28.81,1.0,Hardware,False,93.3,False,"[DIM-DELTA] valuation: CSV=57.80 vs recalc=69.23 (Δ=-11.43) | [LIVE-DRIFT-OK] final diff=0.79 within live-data tolerance, not a formula error",https://finance.yahoo.com/quote/MCHP,https://financialmodelingprep.com/financial-summary/MCHP,https://www.sec.gov/cgi-bin/browse-edgar?action=getcompany&CIK=0000827054&type=10-K,https://www.sec.gov/Archives/edgar/data/827054/000082705426000016/0000827054-26-000016-index.htm,2026-07-11 22:38,88.59 [yf],5.43e+08 [yf],4.131 [yf],5.342e+10 [yf],88.59 [yf],5.402e+09 [yf],4.713e+09 [yf],1.14e+09 [yf],1.219e+09 [yf],-9.11e+07 [yf],6.893e+08 [yf],1.086e+09 [yf],5.298e+08 [yf],AI赋能型,AI_ENABLED,0.11,0.25,AI收入/利润暴露均值,54.55,0.88
HON,Honeywell International,Hardware,68.08,29.58,38.12,50.0,45.06,62.69,3.0,45.38,⚠️ 谨慎评估,,8.23 [yf],2.58 [yf],21.43 [yf],4.1% [yf],2.4% [yf],-41.9% [yf],6.0% [mk],36.9% [yf],7.8% [yf],24.3% [yf],0.8 [mk],n/a [--],39.5 [yf],1.3% [yf],0.93 [yf],-16.5% [yf],18.0,,PASS,1.0,False,False,review_low,1.21,rounding_difference,17.88,0.0,17.88,0.0,Unknown,False,75.7,False,,https://finance.yahoo.com/quote/HON,https://financialmodelingprep.com/financial-summary/HON,https://www.sec.gov/cgi-bin/browse-edgar?action=getcompany&CIK=0000773840&type=10-K,https://www.sec.gov/Archives/edgar/data/773840/000077384026000013/0000773840-26-000013-index.htm,2026-07-11 22:38,226.4 [yf],3.168e+08 [yf],10.56 [yf],9.817e+10 [yf],226.4 [yf],2.536e+10 [yf],3.766e+10 [yf],2.937e+09 [yf],8.526e+09 [yf],-9.86e+08 [yf],1.388e+09 [yf],1.812e+09 [yf],6.567e+09 [yf],AI赋能型,AI_ENABLED,0.135,0.88,AI收入/利润暴露均值,47.5,2.88
ASML,ASML Holding,Hardware,37.44,31.3,73.02,50.0,40.75,89.56,9.65,44.65,⚠️ 谨慎评估,,2.2 [yf],20.39 [yf],43 [yf],1.2% [yf],13.2% [yf],19.2% [yf],n/a [--],52.6% [yf],24.5% [yf],,n/a [--],n/a [--],42.7 [yf],34.8% [yf],1.394 [yf],-17.8% [yf],,,,,,,,,,,,,,,,,False,,,,,,2026-07-11 22:38,1797 [yf],3.854e+08 [yf],49.81 [yf],3.848e+13 [yf],1797 [yf],-5.671e+09 [yf],3.369e+10 [yf],8.243e+09 [yf],1.27e+10 [yf],-1.631e+09 [yf],1.026e+09 [yf],4.699e+09 [yf],1.13e+10 [yf],AI赋能型,AI_ENABLED,0.5,5.0,AI收入/利润暴露均值,49.3,47.41
MBLY,Mobileye Global,Hardware,90.08,38.45,52.75,41.11,26.59,61.03,9.9,42.62,⚠️ 谨慎评估,,0.61 [yf],0.52 [yf],27.44 [yf],25.3% [yf],27.4% [yf],-20.0% [yf],18.0% [mk],48.3% [yf],29.4% [yf],-40.6% [yf],0.0 [mk],n/a [--],62.2 [yf],-7.1% [yf],1.157 [yf],-60.4% [yf],16.0,ev_ebitda(raw=-22.28),PASS,1.0,True,False,review_low,1.69,rounding_difference,36.84,0.0,36.84,1.0,SaaS,False,60.9,True,Sector conflict: CSV=Hardware | Suggested=SaaS (conf=100%) | FMP=/ | Finnhub= | SIC=7372,https://finance.yahoo.com/quote/MBLY,https://financialmodelingprep.com/financial-summary/MBLY,https://www.sec.gov/cgi-bin/browse-edgar?action=getcompany&CIK=0001910139&type=10-K,https://www.sec.gov/Archives/edgar/data/1910139/000110465926014300/0001104659-26-014300-index.htm,2026-07-11 22:38,9.55 [yf],2.444e+08 [yf],0.3481 [yf],6.761e+09 [yf],9.55 [yf],-1.282e+09 [yf],2.014e+09 [yf],5.916e+08 [yf],-2.88e+08 [yf],-7.9e+07 [yf],5.17e+08 [yf],1.151e+09 [yf],-4.4e+08 [yf],AI核心型,AI_CORE,0.765,0.0,AI收入/利润暴露均值,52.53,41.11
SDGR,Schrodinger,SaaS,75.0,36.36,20.0,91.5,43.56,80.26,15.15,42.62,⚠️ 谨慎评估,,n/a [--],3.1 [yf],-9.934 [yf],-4.6% [yf],-1.6% [yf],n/a [--],18.0% [mk],55.3% [yf],-19.4% [yf],-30.1% [yf],0.0 [mk],n/a [--],55.3 [yf],5.8% [yf],1.62 [yf],-51.9% [yf],13.0,ev_ebitda(raw=-4.817); forward_pe(raw=-9.329); fcf_yield,PASS,0.9,False,False,minor_diff,0.36,rounding_difference,47.98,0.0,47.98,0.0,Unknown,True,67.9,True,"[RANGE] revenue_growth=-1.6 outside [-0.8,3.0]",https://finance.yahoo.com/quote/SDGR,https://financialmodelingprep.com/financial-summary/SDGR,https://www.sec.gov/cgi-bin/browse-edgar?action=getcompany&CIK=0001490978&type=10-K,https://www.sec.gov/Archives/edgar/data/1490978/000149097826000010/0001490978-26-000010-index.htm,2026-07-11 22:38,16.49 [yf],6.556e+07 [yf],-1.66 [yf],9.402e+08 [yf],16.49 [yf],-2.92e+08 [yf],2.549e+08 [yf],-4.942e+07 [yf],-1.589e+08 [yf],-1.442e+06 [yf],6.022e+06 [yf],1.731e+08 [yf],-1.669e+08 [yf],AI核心型,AI_CORE,0.85,0.0,AI收入/利润暴露均值,57.77,91.5
IBM,IBM,Hardware,82.69,39.93,59.17,50.0,45.06,65.22,3.48,41.4,🧾 数据待复核,YES,1.504 [yf],4.76 [yf],21.35 [yf],4.8% [yf],9.5% [yf],14.2% [yf],5.0% [mk],58.4% [yf],19.0% [yf],35.8% [yf],2.5 [mk],1.06 [mk],71.6 [yf],5.5% [yf],0.675 [yf],-31.0% [yf],18.0,,PASS,1.0,False,False,review_medium,2.33,live_data_drift,18.86,0.0,18.86,0.0,Unknown,False,76.6,False,"[DIM-DELTA] valuation: CSV=65.00 vs recalc=66.33 (Δ=-1.33) | [LIVE-DRIFT-OK] final diff=2.33 within live-data tolerance, not a formula error",https://finance.yahoo.com/quote/IBM,https://financialmodelingprep.com/financial-summary/IBM,https://www.sec.gov/cgi-bin/browse-edgar?action=getcompany&CIK=0000051143&type=10-K,https://www.sec.gov/Archives/edgar/data/51143/000005114326000010/0000051143-26-000010-index.htm,2026-07-11 22:38,287.6 [yf],9.399e+08 [yf],13.47 [yf],3.284e+11 [yf],287.6 [yf],5.802e+10 [yf],6.891e+10 [yf],1.308e+10 [yf],1.661e+10 [yf],-1.738e+09 [yf],5.021e+09 [yf],8.316e+09 [yf],1.249e+10 [yf],AI赋能型,AI_ENABLED,0.19,2.25,AI收入/利润暴露均值,56.42,7.92
TEM,Tempus AI,SaaS,75.0,93.8,23.35,96.67,53.94,61.71,18.02,41.12,🧾 数据待复核,YES,n/a [--],7.95 [yf],-559 [yf],-0.5% [yf],36.1% [yf],n/a [--],28.0% [mk],63.4% [yf],-4.1% [yf],-81.6% [yf],0.5 [mk],n/a [--],62.2 [yf],-6.7% [yf],3.462 [yf],-59.0% [yf],12.0,ev_ebitda(raw=-51.63); forward_pe(raw=-464.9); fcf_yield,PASS,1.0,False,False,minor_diff,0.0,rounding_difference,50.38,0.0,50.38,0.0,Unknown,False,49.5,True,,https://finance.yahoo.com/quote/TEM,https://financialmodelingprep.com/financial-summary/TEM,https://www.sec.gov/cgi-bin/browse-edgar?action=getcompany&CIK=0001717115&type=10-K,https://www.sec.gov/Archives/edgar/data/1717115/000119312526066961/0001193125-26-066961-index.htm,2026-07-11 22:38,58.23 [yf],1.745e+08 [yf],-0.1042 [yf],1.114e+10 [yf],58.23 [yf],6.795e+08 [yf],1.364e+09 [yf],-5.576e+07 [yf],-1.852e+08 [yf],-2.726e+07 [yf],1.023e+08 [yf],3.19e+08 [yf],-2.529e+08 [yf],AI核心型,AI_CORE,0.88,0.0,AI收入/利润暴露均值,72.85,96.67
TYL,Tyler Technologies,Hardware,61.63,39.55,47.33,50.0,46.85,24.96,6.37,41.0,⚠️ 谨慎评估,,9.496 [yf],5.22 [yf],20.89 [yf],4.3% [yf],8.6% [yf],2.2% [yf],11.0% [mk],46.8% [yf],22.9% [yf],8.9% [yf],0.4 [mk],1.08 [mk],69.4 [yf],-20.8% [yf],0.821 [yf],-55.0% [yf],18.0,,PASS,0.9,True,False,review_medium,4.03,live_data_drift,20.89,0.0,20.89,1.0,SaaS,True,35.0,True,"Sector conflict: CSV=Hardware | Suggested=SaaS (conf=100%) | FMP=/ | Finnhub= | SIC=7372 | [CROSS-SRC] gross_margin: CSV=0.468 vs SEC=0.022 (diff=0.446) | [DIM-DELTA] valuation: CSV=74.60 vs recalc=62.40 (Δ=+12.20) | [LIVE-DRIFT-OK] final diff=4.03 within live-data tolerance, not a formula error",https://finance.yahoo.com/quote/TYL,https://financialmodelingprep.com/financial-summary/TYL,https://www.sec.gov/cgi-bin/browse-edgar?action=getcompany&CIK=0000860731&type=10-K,https://www.sec.gov/Archives/edgar/data/860731/000086073126000016/0000860731-26-000016-index.htm,2026-07-11 22:38,309.5 [yf],4.114e+07 [yf],14.81 [yf],1.275e+10 [yf],309.5 [yf],-2.984e+08 [yf],2.381e+09 [yf],5.445e+08 [yf],4.545e+08 [yf],-3.279e+07 [yf],1.479e+08 [yf],2.046e+08 [yf],3.577e+08 [yf],AI赋能型,AI_ENABLED,0.135,0.88,AI收入/利润暴露均值,46.49,6.25
SOUN,SoundHound AI,SaaS,75.0,100.0,14.12,98.33,70.22,27.4,18.62,39.69,🧾 数据待复核,YES,n/a [--],13.41 [yf],-55.33 [yf],-0.6% [yf],51.7% [yf],n/a [--],60.0% [mk],40.6% [yf],-9.1% [yf],-39.4% [yf],0.8 [mk],n/a [--],40.7 [yf],-36.0% [yf],2.81 [yf],-72.4% [yf],12.0,ev_ebitda(raw=-17.2); forward_pe(raw=-58.33); fcf_yield; operating_margin(raw=-1.393),PASS,1.0,False,False,minor_diff,0.0,rounding_difference,52.05,0.0,52.05,1.0,SaaS,False,30.0,True,,https://finance.yahoo.com/quote/SOUN,https://financialmodelingprep.com/financial-summary/SOUN,https://www.sec.gov/cgi-bin/browse-edgar?action=getcompany&CIK=0001840856&type=10-K,https://www.sec.gov/Archives/edgar/data/1840856/000184085626000006/0001840856-26-000006-index.htm,2026-07-11 22:38,6.64 [yf],4.031e+08 [yf],-0.12 [yf],2.664e+09 [yf],6.64 [yf],-2.094e+08 [yf],1.84e+08 [yf],-1.669e+07 [yf],-1.576e+08 [yf],-4.902e+06 [yf],3.704e+07 [yf],9.825e+07 [yf],-1.864e+08 [yf],AI核心型,AI_CORE,0.95,0.0,AI收入/利润暴露均值,71.55,98.33
RXRX,Recursion Pharmaceuticals,SaaS,75.0,36.36,18.0,92.5,32.45,51.51,14.39,39.3,⚠️ 谨慎评估,,n/a [--],19.36 [yf],-3.781 [yf],-9.5% [yf],-56.1% [yf],n/a [--],30.0% [mk],0.0% [yf],-267.7% [yf],-57.2% [yf],0.25 [mk],n/a [--],61.9 [yf],-12.6% [yf],0.995 [yf],-58.2% [yf],9.0,ev_ebitda(raw=-2.053); forward_pe(raw=-3.585); fcf_yield; revenue_growth_yoy(raw=-0.561); gross_margin(raw=0); operating_margin(raw=-19.86); fcf_margin,PASS,1.0,False,False,minor_diff,0.01,rounding_difference,53.0,0.0,53.0,0.0,Unknown,False,45.7,True,,https://finance.yahoo.com/quote/RXRX,https://financialmodelingprep.com/financial-summary/RXRX,https://www.sec.gov/cgi-bin/browse-edgar?action=getcompany&CIK=0001601830&type=10-K,https://www.sec.gov/Archives/edgar/data/1601830/000160183026000039/0001601830-26-000039-index.htm,2026-07-11 22:38,3.56 [yf],5.247e+08 [yf],-0.9414 [yf],1.304e+09 [yf],3.56 [yf],-5.821e+08 [yf],6.641e+07 [yf],-1.778e+08 [yf],-5.012e+08 [yf],-8.627e+06 [yf],8.37e+07 [yf],4.753e+08 [yf],-6.481e+08 [yf],AI核心型,AI_CORE,0.92,0.0,AI收入/利润暴露均值,53.69,92.5
AFRM,Affirm Holdings,Hardware,69.06,81.56,14.69,50.0,59.75,86.24,14.84,38.19,🧾 数据待复核,YES,0.006 [yf],8.03 [yf],22.05 [yf],1.2% [yf],32.6% [yf],3529.3% [yf],28.0% [mk],48.4% [yf],7.6% [yf],11.5% [yf],3.5 [mk],n/a [--],68.6 [yf],26.1% [yf],3.674 [yf],-53.9% [yf],17.0,eps_growth_yoy(raw=35.29),PASS,1.0,False,False,review_low,1.83,live_data_drift,36.06,0.0,36.06,0.0,Unknown,False,72.3,False,"[DIM-DELTA] valuation: CSV=70.90 vs recalc=83.15 (Δ=-12.25) | [LIVE-DRIFT-OK] final diff=1.83 within live-data tolerance, not a formula error",https://finance.yahoo.com/quote/AFRM,https://financialmodelingprep.com/financial-summary/AFRM,https://www.sec.gov/cgi-bin/browse-edgar?action=getcompany&CIK=0001820953&type=10-K,https://www.sec.gov/Archives/edgar/data/1820953/000182095325000080/0001820953-25-000080-index.htm,2026-07-11 22:38,83.42 [yf],2.944e+08 [yf],3.784 [yf],3.526e+10 [yf],83.42 [yf],7.322e+09 [yf],3.972e+09 [yf],3.011e+08 [yf],6.316e+08 [yf],-1.922e+08 [yf],2.251e+08 [yf],n/a [--],3.38e+08 [yf],AI赋能型,AI_ENABLED,0.29,4.75,AI收入/利润暴露均值,61.0,25.0
ORCL,Oracle,SaaS,90.0,61.98,32.11,50.0,53.44,9.0,8.71,37.95,🧾 数据待复核,YES,0.588 [yf],8.03 [yf],12.88 [yf],-6.1% [yf],20.6% [yf],21.9% [yf],12.0% [mk],65.8% [yf],-36.4% [yf],53.4% [yf],5.0 [mk],1.1 [mk],12.5 [yf],-27.6% [yf],1.712 [yf],-58.2% [yf],16.0,fcf_yield,PASS,0.9,False,False,review_low,1.88,live_data_drift,29.78,0.0,29.78,1.0,SaaS,True,55.9,True,"[CROSS-SRC] gross_margin: CSV=0.658 vs SEC=0.423 (diff=0.235) | [DIM-DELTA] ai_exposure: CSV=29.80 vs recalc=34.00 (Δ=-4.20) | [LIVE-DRIFT-OK] final diff=1.88 within live-data tolerance, not a formula error",https://finance.yahoo.com/quote/ORCL,https://financialmodelingprep.com/financial-summary/ORCL,https://www.sec.gov/cgi-bin/browse-edgar?action=getcompany&CIK=0001341439&type=10-K,https://www.sec.gov/Archives/edgar/data/1341439/000095017025087926/0000950170-25-087926-index.htm,2026-07-11 22:38,140.6 [yf],2.88e+09 [yf],10.92 [yf],5.461e+11 [yf],140.6 [yf],1.355e+11 [yf],6.736e+10 [yf],-2.454e+10 [yf],3.049e+10 [yf],-5.566e+10 [yf],9.294e+09 [yf],1.027e+10 [yf],2.244e+10 [yf],AI赋能型,AI_ENABLED,0.29,4.75,AI收入/利润暴露均值,54.56,34.0
AI,C3.ai,SaaS,75.0,36.36,20.0,97.33,53.44,16.84,16.9,36.68,⚠️ 谨慎评估,,n/a [--],3.37 [yf],-19.86 [yf],-1.9% [yf],-52.5% [yf],n/a [--],22.0% [mk],30.9% [yf],-10.6% [yf],-63.0% [yf],0.0 [mk],n/a [--],30.8 [yf],-26.4% [yf],2.052 [yf],-73.4% [yf],11.0,ev_ebitda(raw=-2.232); forward_pe(raw=-25.01); fcf_yield; revenue_growth_yoy(raw=-0.525); operating_margin(raw=-2.138),PASS,0.9,False,False,review_low,0.89,rounding_difference,61.36,0.0,61.36,1.0,SaaS,True,56.7,True,[CROSS-SRC] gross_margin: CSV=0.314 vs SEC=0.606 (diff=0.292),https://finance.yahoo.com/quote/AI,https://financialmodelingprep.com/financial-summary/AI,https://www.sec.gov/cgi-bin/browse-edgar?action=getcompany&CIK=0001577526&type=10-K,https://www.sec.gov/Archives/edgar/data/1577526/000162828025032604/0001628280-25-032604-index.htm,2026-07-11 22:38,8.95 [yf],1.519e+08 [yf],-0.4506 [yf],8.745e+08 [yf],8.95 [yf],-5.168e+08 [yf],2.503e+08 [yf],-2.648e+07 [yf],-4.743e+08 [yf],-1.908e+06 [yf],1.355e+07 [yf],2.291e+08 [yf],-4.877e+08 [yf],AI核心型,AI_CORE,0.98,0.0,AI收入/利润暴露均值,53.58,97.33
INTC,Intel Corporation,Hardware,54.58,26.57,16.27,50.0,26.09,79.32,9.52,32.02,🚫 风险较高,,1.36 [yf],10.5 [yf],69.98 [yf],-1.5% [yf],7.2% [yf],-40.0% [yf],5.0% [mk],37.2% [yf],-15.4% [yf],-2.9% [yf],0.45 [mk],n/a [--],33.1 [yf],75.8% [yf],2.187 [yf],-24.2% [yf],16.0,fcf_yield,PASS,1.0,False,False,review_low,0.96,live_data_drift,17.33,0.0,17.33,1.0,Hardware,False,96.4,False,"[DIM-DELTA] valuation: CSV=29.60 vs recalc=37.52 (Δ=-7.92) | [LIVE-DRIFT-OK] final diff=0.96 within live-data tolerance, not a formula error",https://finance.yahoo.com/quote/INTC,https://financialmodelingprep.com/financial-summary/INTC,https://www.sec.gov/cgi-bin/browse-edgar?action=getcompany&CIK=0000050863&type=10-K,https://www.sec.gov/Archives/edgar/data/50863/000005086326000011/0000050863-26-000011-index.htm,2026-07-11 22:38,109.8 [yf],5.026e+09 [yf],1.57 [yf],5.779e+11 [yf],109.8 [yf],1.224e+10 [yf],5.376e+10 [yf],-8.301e+09 [yf],1.417e+10 [yf],-1.465e+10 [yf],1.171e+10 [yf],1.377e+10 [yf],-2.3e+07 [yf],AI赋能型,AI_ENABLED,0.14,1.0,AI收入/利润暴露均值,40.54,13.36
ARM,Arm Holdings,Hardware,40.91,59.66,66.1,39.07,62.03,73.72,13.82,30.44,🧾 数据待复核,YES,2.191 [yf],69.57 [yf],105 [yf],0.2% [yf],20.1% [yf],47.9% [yf],24.0% [mk],97.5% [yf],15.2% [yf],12.0% [yf],0.0 [mk],n/a [--],24.3 [yf],78.3% [yf],3.77 [yf],-41.5% [yf],18.0,,PASS,1.0,False,False,review_low,1.08,rounding_difference,32.1,0.0,32.1,1.0,Hardware,False,96.6,False,,https://finance.yahoo.com/quote/ARM,https://financialmodelingprep.com/financial-summary/ARM,https://www.sec.gov/cgi-bin/browse-edgar?action=getcompany&CIK=0001973239&type=10-K,,2026-07-11 22:38,323.4 [yf],1.068e+09 [yf],3.081 [yf],3.423e+11 [yf],323.4 [yf],-3.11e+09 [yf],4.92e+09 [yf],7.505e+08 [yf],1.065e+09 [yf],-5.75e+08 [yf],2.49e+08 [yf],2.776e+09 [yf],9.08e+08 [yf],AI核心型,AI_CORE,0.575,0.0,AI收入/利润暴露均值,54.4,39.07
TSLA,Tesla,Hardware,30.0,37.1,29.62,50.0,30.45,64.83,11.22,30.28,🚫 风险较高,,19.06 [yf],15.35 [yf],158.2 [yf],0.3% [yf],15.8% [yf],8.3% [yf],20.0% [mk],19.1% [yf],5.4% [yf],4.9% [yf],0.08 [mk],n/a [--],52 [yf],-2.5% [yf],1.802 [yf],-29.9% [yf],18.0,,PASS,1.0,False,False,review_low,0.55,rounding_difference,17.67,0.0,17.67,0.0,Unknown,False,66.7,False,,https://finance.yahoo.com/quote/TSLA,https://financialmodelingprep.com/financial-summary/TSLA,https://www.sec.gov/cgi-bin/browse-edgar?action=getcompany&CIK=0001318605&type=10-K,https://www.sec.gov/Archives/edgar/data/1318605/000162828026003952/0001628280-26-003952-index.htm,2026-07-11 22:38,407.8 [yf],3.756e+09 [yf],2.578 [yf],1.503e+12 [yf],407.8 [yf],-2.885e+10 [yf],9.788e+10 [yf],5.252e+09 [yf],1.109e+10 [yf],-8.527e+09 [yf],6.148e+09 [yf],6.411e+09 [yf],4.849e+09 [yf],AI赋能型,AI_ENABLED,0.19,2.25,AI收入/利润暴露均值,39.25,7.19
AOSL,Alpha and Omega Semiconductor,Hardware,57.84,35.09,18.8,50.0,43.56,81.76,11.41,26.93,🧾 数据待复核,YES,1.2 [yf],1.4 [yf],-78.25 [yf],-3.3% [yf],-0.5% [yf],12.0% [yf],10.0% [mk],22.4% [yf],-5.5% [yf],-12.6% [yf],0.15 [mk],n/a [--],35.4 [yf],30.3% [yf],2.554 [yf],-45.3% [yf],14.0,forward_pe(raw=-107); fcf_yield,PASS,0.9,False,False,review_low,0.96,live_data_drift,24.04,0.0,24.04,1.0,Hardware,True,92.9,True,"[CROSS-SRC] gross_margin: CSV=0.224 vs SEC=0.47 (diff=0.246) | [DIM-DELTA] valuation: CSV=69.40 vs recalc=88.47 (Δ=-19.07) | [LIVE-DRIFT-OK] final diff=0.96 within live-data tolerance, not a formula error",https://finance.yahoo.com/quote/AOSL,https://financialmodelingprep.com/financial-summary/AOSL,https://www.sec.gov/cgi-bin/browse-edgar?action=getcompany&CIK=0001387467&type=10-K,https://www.sec.gov/Archives/edgar/data/1387467/000162828025041297/0001628280-25-041297-index.htm,2026-07-11 22:38,37.56 [yf],2.993e+07 [yf],-0.48 [yf],9.623e+08 [yf],37.56 [yf],-1.619e+08 [yf],6.85e+08 [yf],-3.731e+07 [yf],1.388e+07 [yf],-3.718e+07 [yf],6.24e+07 [yf],9.426e+07 [yf],-2.844e+07 [yf],AI赋能型,AI_ENABLED,0.165,1.62,AI收入/利润暴露均值,45.69,4.47
BBAI,BigBear.ai,Hardware,75.0,36.36,0.0,86.67,43.06,13.92,19.34,20.84,🧾 数据待复核,YES,n/a [--],9.74 [yf],-16.35 [yf],-3.8% [yf],-0.9% [yf],n/a [--],15.0% [mk],25.8% [yf],-46.7% [yf],-58.4% [yf],2.5 [mk],n/a [--],24.8 [yf],-35.6% [yf],3.128 [yf],-65.9% [yf],13.0,ev_ebitda(raw=-25.31); forward_pe(raw=-20.7); fcf_yield,PASS,0.9,True,False,review_low,0.74,live_data_drift,31.01,0.0,31.01,1.0,SaaS,True,49.6,True,"Sector conflict: CSV=Hardware | Suggested=SaaS (conf=100%) | FMP=/ | Finnhub= | SIC=7372 | [RANGE] revenue_growth=-0.9 outside [-0.8,3.0] | [DIM-DELTA] valuation: CSV=52.00 vs recalc=59.61 (Δ=-7.61) | [DIM-DELTA] growth: CSV=20.20 vs recalc=20.78 (Δ=-0.58) | [DIM-DELTA] ai_exposure: CSV=100.00 vs recalc=86.67 (Δ=+13.33) | [LIVE-DRIFT-OK] final diff=0.74 within live-data tolerance, not a formula error",https://finance.yahoo.com/quote/BBAI,https://financialmodelingprep.com/financial-summary/BBAI,https://www.sec.gov/cgi-bin/browse-edgar?action=getcompany&CIK=0001836981&type=10-K,https://www.sec.gov/Archives/edgar/data/1836981/000183698126000018/0001836981-26-000018-index.htm,2026-07-11 22:38,3.27 [yf],4.789e+08 [yf],-0.2 [yf],1.241e+09 [yf],3.27 [yf],-3.253e+08 [yf],1.274e+08 [yf],-5.949e+07 [yf],-6.444e+07 [yf],-4.366e+06 [yf],1.528e+07 [yf],1.675e+07 [yf],-8.341e+07 [yf],AI核心型,AI_CORE,0.9,0.0,AI收入/利润暴露均值,47.12,86.67
